ImageID,class_0,class_1,class_2,class_3,class_4,class_5,class_6,class_7,class_8,class_9,class_10,class_11
6119677716839104391,44,16814,8987,0,0,0,0,0,0,485787,409968,0
14802949761255250525,15807,887,245,0,0,0,0,0,239186,291343,374132,0
14124813423892560492,186678,495,80,1493,0,0,0,1482,4410,558281,168681,0
5482257461254211163,336540,3713,697,0,0,0,0,2447,0,141268,436935,0
10081435122427592003,153369,9677,0,0,0,0,0,0,0,318107,440447,0
5061311136434187472,57441,280,128,0,0,0,0,995,301928,456028,104800,0
4958416638630567355,50369,1037,0,0,0,0,0,22337,0,457199,390658,0
9021911849184547575,47762,934,0,0,0,0,0,24653,0,553602,294649,0
7879137831619105622,11462,12391,4039,0,0,0,0,0,0,321303,572405,0
11301283022880292256,16802,5632,739,0,0,0,0,357,0,429361,468709,0
9374149979134464308,105274,867,0,227,0,0,0,5669,2096,283261,114501,409705
2482986803101084308,13769,808,0,0,0,0,0,0,365649,210330,331044,0
5557904799144361742,10263,2623,0,4334,0,0,0,0,0,0,904380,0
4906134811145591306,18348,909,0,0,0,0,0,14943,10854,558360,318186,0
3238547601620301243,42100,567,0,2238,0,0,0,5522,7024,369791,94679,399679
13255291466199807945,74544,348,0,6441,0,0,0,1461,108146,657223,73437,0
15772239429719824619,5853,11529,4391,0,0,0,0,0,0,529807,370020,0
2916175739300112398,190415,804,245,0,0,0,0,4057,35016,223519,467544,0
17036117858283710476,20051,2236,0,0,0,0,0,0,0,482677,416636,0
8132759621826780913,387611,0,0,6938,0,0,0,1771,0,125335,399945,0
2257517101111337678,191997,823,1359,4159,0,0,0,5305,2891,404109,310957,0
8955874342213678087,161375,4901,0,0,0,0,0,11620,0,385752,357952,0
12901817071638607336,37180,969,0,0,0,0,0,7418,13256,442593,420184,0
13571097998518312968,10257,4254,1719,0,0,0,0,1481,0,624917,278972,0
12554066507661484507,223228,3338,0,0,0,0,0,24587,0,258792,411655,0
12197754767641080291,81550,615,0,0,0,0,0,20649,11096,635738,171952,0
4368197064012183701,123921,2616,3622,2888,0,0,0,9711,0,226696,552146,0
8565610481030993204,28542,1848,987,0,0,0,0,707,0,634107,255409,0
13741566418719621391,231223,0,0,5910,0,0,0,6833,0,356729,320905,0
2610594974559026306,90705,6469,0,0,0,0,0,1105,0,149519,673802,0
1453312082410740406,195462,2765,716,0,0,0,0,18202,8988,68971,626496,0
4930578460801027028,96764,1364,190,1652,0,0,0,5452,2866,627955,185357,0
7726252359331514120,65225,6181,0,0,0,0,0,21178,0,108280,720736,0
9539593687512498529,149029,238,121,14221,0,0,0,6286,20015,460885,270805,0
18074964933109873252,80348,7451,0,0,0,0,0,26464,0,80282,727055,0
11180598794627341818,154966,5378,0,0,0,0,0,4129,4523,278393,474211,0
16524480890148777258,230755,383,92,1177,0,0,0,541,731,507479,180442,0
2822173471331530574,391251,16582,1549,8601,2807,0,0,12236,50673,240912,196989,0
1863915739915229563,11850,10103,2997,0,0,0,0,0,0,512209,384441,0
8172174123635381587,139081,4216,0,0,0,0,0,6588,0,330148,441567,0
13852758152930042136,365275,0,0,1043,0,0,0,119,0,517796,37367,0
16186230723442775449,82170,1974,0,0,0,0,0,6059,0,431533,399864,0
7353008532465742054,222147,0,0,3307,0,0,0,7017,6744,461964,220421,0
9730065085814348984,144867,5964,0,0,0,0,0,3407,45761,303181,418420,0
1258821349949363750,175124,579,550,12385,0,0,0,11498,6969,179743,534752,0
13264174119596970726,78640,1053,0,150,0,0,0,7364,1075,328469,104465,400384
16463733558712462657,155799,788,866,11541,0,0,0,12885,5245,170567,563909,0
17932807514607671918,120911,3008,0,0,0,0,0,10045,0,90281,697355,0
6952569277566731213,7986,2234,0,0,0,0,0,548,0,571393,339439,0
12791142673725577803,212995,0,0,2841,0,0,0,6240,12095,307461,379968,0
12282991218481043852,196556,927,409,26931,0,0,0,8256,3136,385347,300038,0
15333601458995638608,278434,2133,330,8784,0,0,0,14250,48397,193170,376102,0
2638923818403806441,30710,275,50,0,0,0,0,0,18504,804905,67156,0
2025249689802100856,920544,0,0,0,1056,0,0,0,0,0,0,0
11158829398231542327,25238,0,0,0,0,0,0,13340,10472,518904,353646,0
9593643566133306587,13406,4431,0,0,0,0,0,0,0,471674,432089,0
3123528369964042404,167558,456,0,6951,0,0,0,1154,119063,397248,229170,0
2229297445545243595,70518,7473,0,13490,0,0,0,2427,0,69786,757906,0
12808779107195514052,44151,0,0,0,0,0,0,12070,7825,471175,386379,0
13735509822956982940,901191,0,0,0,20409,0,0,0,0,0,0,0
2045797967269461543,87432,729,0,0,0,0,0,22189,5110,586534,219606,0
4402835139618994230,7989,3069,1728,0,0,0,0,0,0,564676,344138,0
3357427581749319956,177590,4828,0,0,0,0,0,6651,0,393793,338738,0
15014262255253157245,221677,1790,1177,0,0,0,0,12526,0,314349,370081,0
8324934697104179438,16455,2433,621,0,0,0,0,348,0,523323,378420,0
14243278788929986312,165076,287,198,1637,0,0,0,858,2002,579138,172404,0
16653590050133239437,6347,4980,2495,0,0,0,0,0,0,518308,389470,0
12503544608841643249,231145,8564,0,0,0,0,0,0,0,225360,456531,0
11791942462951058547,203331,0,0,0,0,0,0,0,33569,251965,432735,0
15933307988880993654,19085,1758,1296,0,0,0,0,12567,4452,166838,290860,424744
14946408090583899092,4033,4055,860,0,0,0,0,0,0,726639,186013,0
7250803019100265522,168311,2346,1625,4838,0,0,0,6464,0,345259,392757,0
16439401474246188712,79528,870,0,149,0,0,0,6934,755,331678,99814,401872
3993651850292752630,188215,3571,285,0,0,0,0,1624,0,584368,143537,0
10684971523164505361,26466,0,0,0,0,0,0,12765,17592,566542,298235,0
11094136386290599833,285449,4661,0,0,5638,0,0,4954,10266,548172,62460,0
883093839228713346,145537,3900,0,0,0,0,0,16040,0,370115,386008,0
16329328126510120472,921488,0,0,0,112,0,0,0,0,0,0,0
11598555010896960401,160281,588,407,11347,0,0,0,12376,6403,157210,572988,0
13880354744027833899,15801,1229,0,0,1007,0,0,0,0,903563,0,0
2569784127015142204,117116,301,176,0,0,0,0,968,204754,416488,181797,0
6466033156322077818,41360,7301,0,0,0,0,0,0,0,130689,742250,0
10327726065195715462,6422,4378,1664,0,0,0,0,0,0,582267,326869,0
17202057061208824553,7453,323,79,0,0,0,0,880,46433,776084,90348,0
578072249548107891,106969,19311,0,0,365,0,0,0,122156,260620,361794,50385
5184770856301135875,264062,2956,0,0,0,0,0,2215,0,202140,450227,0
13554796294275223442,140148,1284,0,10924,0,0,0,9339,155921,259444,344540,0
11599426646256363056,387676,2636,0,0,0,0,0,6100,3406,1833,519949,0
8433169429644591234,61430,1685,0,26185,0,0,0,8410,122963,245536,455391,0
11050755043080921013,878736,6254,0,0,0,0,0,21696,7228,7540,146,0
1112314673478359952,298384,0,0,3568,0,0,0,499,0,522716,96433,0
12931317833195558370,6455,3583,1198,0,0,0,0,0,0,552305,358059,0
2598126596815446008,293433,135,324,0,0,0,0,9960,0,459868,157880,0
17105159711826496736,117026,0,0,0,0,0,0,0,13961,136366,654247,0
6356456612271404217,152956,3038,606,0,0,0,0,10135,9770,57938,687157,0
15380059299212833141,340632,33326,0,0,5801,0,0,2794,0,523044,16003,0
11711123445342193408,31747,0,0,0,0,0,0,676,25064,816377,47736,0
11809954950255382587,60644,16015,0,0,0,0,0,3668,0,25959,815314,0
9406016220595350435,182945,1445,2074,7449,0,0,0,8064,576,387984,331063,0
9097080240828249151,240494,1618,149,3675,0,0,0,6657,25544,198702,444761,0
8003877745086405370,7380,1599,0,0,0,0,0,0,0,637539,275082,0
13986479876161105199,257704,11756,0,0,0,0,0,35775,510912,34118,0,71335
16574038186631444668,59917,1395,0,18593,0,0,0,8068,132636,245193,455798,0
9181705565636133571,160788,4163,3568,0,0,0,0,12587,0,470602,269892,0
5709823008922145398,915920,865,0,0,0,4815,0,0,0,0,0,0
13583742609441451799,88573,395,194,0,0,0,0,1207,243241,429940,158050,0
351122476443392576,29664,5189,2215,0,0,0,0,891,0,502063,381578,0
6581411273129187113,11353,14120,2551,0,0,0,0,0,0,381899,511677,0
13865747141550024478,921499,0,0,0,101,0,0,0,0,0,0,0
5729591228383251463,87665,406,262,0,0,0,0,5015,7660,280400,87509,452683
14131088454697266015,55556,1204,0,0,0,0,0,0,8203,616652,239985,0
8830607752858154899,49416,3850,0,0,0,0,0,2918,0,525648,339768,0
9360044252150152476,366547,3046,0,0,0,0,0,18441,32915,295883,204768,0
12356694715351174590,883178,672,940,0,0,0,0,2184,34626,0,0,0
12842983723495271763,177647,996,0,0,0,0,0,0,15221,270569,36860,420307
7413560489702501286,19092,4206,2664,0,0,0,0,0,0,608384,287254,0
10893956183265120408,29912,4598,0,0,1658,0,0,0,0,885432,0,0
13163049052274949485,14571,3191,0,0,0,0,0,0,0,105,903733,0
16056390530546068114,241087,1460,704,885,0,0,0,4408,12295,291801,368960,0
5793875856278101412,490689,3339,0,0,0,0,0,24985,103292,121819,177476,0
9888752993132991649,167065,178,61,8264,0,0,0,1841,30518,554962,158711,0
15756784014011390621,366473,0,0,0,0,0,11540,0,65754,305600,0,172233
154284345046005641,12287,2368,0,0,0,0,0,342,0,570572,336031,0
11479371178888963477,66461,549,0,0,0,0,0,7483,13997,679947,153163,0
3795213040335330176,202752,4496,535,0,0,0,0,4931,3407,297767,407712,0
5634082806415916488,60873,1479,0,11991,0,0,0,7933,132838,244501,461985,0
3180550044535127633,45084,0,0,0,0,0,0,864,19075,797089,59488,0
16724984885982884949,232542,2170,402,0,0,0,0,1825,18012,221297,445352,0
5002972119370492964,912438,4235,3339,0,0,0,0,1588,0,0,0,0
16364031494143464865,181034,1284,0,0,0,0,0,0,14107,263903,44741,416531
1488451198991190491,438531,0,0,0,0,0,21677,0,119053,342339,0,0
2313579475085018079,84787,430,140,0,0,0,0,1380,246688,428130,160045,0
1370891130838877883,88590,6935,0,0,0,0,0,508,0,132753,692814,0
10108858518974202889,11754,4934,2318,0,0,0,0,0,0,180236,722358,0
6460586498618425095,46792,250,127,7152,0,0,0,1506,122463,564941,178369,0
14521324226594075345,408329,76575,0,0,9235,0,0,1917,1079,394011,30454,0
1950825183392606990,893257,520,0,0,0,27823,0,0,0,0,0,0
17305652308847129343,146598,1715,0,0,0,0,0,11285,420,264091,84561,412930
18035910787504506,9292,2087,71,0,0,0,0,462,0,449005,460683,0
5444276709101999057,100588,243,109,6632,0,0,0,5280,5087,587610,216051,0
8670328374389149860,30219,12604,0,0,0,0,0,0,2949,135476,740352,0
11202905351109630697,7079,11073,3310,0,0,0,0,0,0,547599,352539,0
1242042051469008189,309536,0,0,4863,0,0,0,0,0,498721,108480,0
14655694621434073726,114718,21943,0,0,1022,0,0,0,102146,274344,358294,49133
3967221568303766160,291908,17657,0,0,0,0,0,63631,310184,40540,1,197679
3243734133251632447,4312,1024,0,0,0,0,0,0,0,825140,91124,0
1306137474826659607,142309,459,55,5865,0,0,0,1731,184766,503294,83121,0
3627938117124286814,31589,14774,0,0,0,0,0,0,3383,95232,776622,0
120653533754155500,175124,1511,384,0,0,0,0,13804,0,369004,361773,0
14091938816783367838,35915,1372,0,17266,181,0,0,13375,8377,383255,461859,0
10792876355891825580,210090,3374,0,0,0,0,0,13146,1372,51721,641897,0
13639274117956591534,7003,18532,2321,0,0,0,0,0,0,97700,796044,0
8488427178382591958,119894,4648,0,0,0,0,0,22843,0,101242,672973,0
2850595053200135485,52797,678,0,0,0,0,0,0,410369,234281,223475,0
7565419150536995032,109333,19330,0,0,2674,0,0,0,123070,262354,350340,54499
9949535053986008875,122855,2426,0,9534,0,0,0,8472,149439,261893,366981,0
11047962905646758571,238219,1356,942,0,0,0,0,3696,4023,207441,465923,0
1268126512589097632,29542,932,0,0,0,0,0,0,21465,652249,217412,0
7507259976404919318,29296,9185,0,0,0,0,0,0,3429,120004,759686,0
14129632345426102790,145718,2788,4093,0,0,0,0,6815,1628,209362,551196,0
3691640215258233729,56620,323,0,8702,0,0,0,8556,5790,380530,58288,402791
11701570333031828662,157955,1041,0,0,0,0,0,0,14847,292696,35459,419602
9015533434621970661,378850,0,0,0,0,0,7545,0,69632,255233,0,210340
12897457947012239070,77558,3655,0,6571,0,0,0,9459,122329,263044,438984,0
4371937631052350241,333600,0,0,1486,0,0,0,279,0,538389,47846,0
12980219967268439695,44868,3377,0,0,0,0,0,5287,0,126667,741401,0
10073374695675195041,29598,749,0,0,0,0,0,0,18192,548774,324287,0
7080768953067538394,6846,1326,2616,0,0,0,0,0,0,342153,568659,0
17858218421429134817,286349,3002,56,5003,0,0,0,13735,0,101675,511780,0
4216851028752886948,72228,735,0,0,0,0,0,20712,0,589864,238061,0
10841011144092027625,67284,2199,0,5151,0,0,0,8213,127016,249780,461957,0
8373290511941513410,247996,1799,394,4960,0,0,0,12111,31644,280794,341902,0
1751049694890239096,6177,8657,3661,0,0,0,0,0,0,557658,345447,0
6511058074653680575,9127,2726,0,0,0,0,0,510,0,582006,327231,0
2701729828864608442,205339,2280,1840,0,0,0,0,8256,0,305843,398042,0
13622767994714842404,17216,4856,1288,0,0,0,0,0,0,624726,273514,0
16203890471435369893,219356,3226,0,0,0,0,0,25614,0,255303,418101,0
17579511326238686693,117683,1019,0,314,0,0,0,7769,1792,231549,159126,402348
3471817784111545369,39220,3252,0,28171,378,0,0,0,0,86602,763977,0
913350279723007072,171403,292,99,0,0,0,0,2215,6996,538530,202065,0
17124648226500433893,70027,5008,1377,17005,0,0,0,5303,0,124734,698146,0
719906686005858408,187003,137,190,10395,0,0,0,2320,31351,529888,160316,0
17323752681748355981,38843,16981,0,0,0,0,0,0,0,28583,837193,0
4857569243331087661,142569,1276,0,0,0,0,0,3213,8131,303628,43618,419165
9174245236015708463,809568,17073,0,0,0,0,0,11634,69027,12982,1316,0
14102179157773279881,120360,1062,0,273,0,0,0,7050,1714,228036,160761,402344
16072691376285215831,6654,4212,1657,0,0,0,0,0,0,580021,329056,0
5317386002009816611,33113,1655,0,17268,181,0,0,14136,8813,380301,466133,0
5050095081409705624,66268,0,0,0,0,0,0,4507,6992,261446,130793,451594
4181133442904104116,12141,789,196,0,0,0,0,0,341707,234333,332434,0
10565870083030058508,915989,183,0,0,0,5428,0,0,0,0,0,0
17762583947593353180,49413,334,0,741,0,0,0,10037,3818,378870,65819,412568
11296599859556964121,156844,67,0,273,315,0,0,2891,6126,330735,22871,401478
618229392381069627,75151,2729,1849,0,0,0,0,10736,7818,278306,137078,407933
13695121048481679569,282145,593,64,12815,0,0,0,1481,26493,494351,103658,0
15482324541248406735,209064,4290,1989,3777,0,0,0,20725,10689,132160,538906,0
5974067749682540106,333924,24358,0,0,5290,0,0,2406,0,543068,12554,0
17039046428636408228,245623,18891,0,0,0,0,0,38326,502966,24848,153,90793
10499759174967122584,536644,1034,0,0,0,0,0,13626,71507,123032,175757,0
9056634895029043119,12350,746,187,0,0,0,0,0,405702,195455,307160,0
15418814166513088195,409381,0,0,0,0,0,8443,12005,306662,165818,0,19291
419114738575226671,194562,746,607,4182,0,0,0,7226,3024,388642,322611,0
14048157368075938837,248493,8225,0,0,0,0,0,0,0,212321,452561,0
14902273143647350692,370568,2188,2272,586,1424,0,0,18832,95797,103397,326536,0
2904959253750193102,14075,2121,0,0,0,0,0,207,0,537544,367653,0
2989502728935528189,416353,2432,0,9795,0,0,0,29223,101433,220333,142031,0
17425248002674890190,75657,231,124,0,0,0,0,1625,262536,437638,143789,0
17136117347918320917,207954,0,0,1860,0,0,0,6265,11255,289906,404360,0
4187609523709397370,230805,9407,542,0,0,0,0,3504,20341,297597,359404,0
2067412236808682370,153160,0,0,14739,0,0,0,5910,0,476483,271308,0
8436756731128414393,10701,1023,0,0,0,0,0,0,0,796476,113400,0
3501294702310794730,228535,3323,751,0,0,0,0,1360,4741,300539,382351,0
5578461726951290385,14903,4789,85,0,0,0,0,343,0,393956,507524,0
6582104604854025885,196191,130,63,0,0,0,0,48,14802,229704,32662,448000
6001961789001459732,194461,364,100,6301,0,0,0,10546,18469,518905,172454,0
5621547068024082198,4058,850,0,0,0,0,0,0,0,891790,24902,0
8951477458262415517,83583,9296,0,103816,0,0,0,0,0,229769,495136,0
4851965503884943550,155799,5667,0,0,0,0,0,4050,4807,287629,463648,0
12786905506951836022,196151,2001,240,0,0,0,0,5053,6264,328896,382995,0
7929223439606313722,232599,2771,747,0,0,0,0,8471,9746,159620,507646,0
12900718988338133152,181682,4274,344,16941,0,0,0,4435,437,188077,525410,0
12483684826548131086,910276,11324,0,0,0,0,0,0,0,0,0,0
987970173090111449,48957,238,0,0,0,0,0,0,73204,710261,88940,0
14825923331924945211,7502,695,297,0,0,0,0,0,0,629499,283607,0
15152286211090665877,198007,3065,786,0,0,0,0,376,6357,226858,486151,0
14340458520245263881,133956,557,124,0,0,0,0,1943,131026,439344,214650,0
9501565522706452881,465937,2284,0,0,0,0,0,9945,6986,115583,320865,0
17819264440466067763,728518,0,0,778,0,0,0,7111,3795,0,181398,0
5594166519015584175,7169,3690,2299,0,0,0,0,0,0,572916,335526,0
8039037441876028837,919808,0,0,0,1792,0,0,0,0,0,0,0
12441270494832473534,226454,4131,0,0,0,0,0,4008,0,378974,308033,0
7393238925671638306,17006,19193,1236,0,0,0,0,0,0,459837,424328,0
7489741772331704664,34282,0,0,0,0,0,1657,0,344708,390752,0,150201
16518695842738385797,18943,4032,2618,0,0,0,0,3761,0,555656,336590,0
10034419136200140977,77493,2195,1439,0,0,0,0,4598,10309,280335,127558,417673
14956518698861016093,416414,1259,0,0,0,0,0,696,71311,95981,0,335939
11620614660485506433,379618,3952,0,9924,0,0,0,0,29717,267358,231031,0
8271396729736711015,416456,2629,0,0,0,0,0,1576,93022,57783,0,350134
4764288853396933913,16772,6238,685,0,0,0,0,140,0,602159,295606,0
17296528507103471118,149806,84,134,7422,0,0,0,1335,61878,509598,191343,0
15739401010473791528,570227,1925,4034,0,0,0,0,19585,108593,91063,126173,0
3257260985543417036,114678,22869,0,0,696,0,0,0,102890,261045,375162,44260
16580494600986232015,9273,0,0,0,0,0,0,0,0,906275,6052,0
8750514759583991667,76381,16827,0,0,0,0,0,0,4049,293176,531167,0
8957083220716267188,9009,39760,4834,0,0,0,0,0,0,279331,588666,0
11310022555725185616,12899,4220,2136,0,0,0,0,0,0,577350,324995,0
7536497400775270496,111120,8220,0,0,0,0,0,2104,28869,310914,460373,0
11111208312624184368,53598,4748,0,60245,0,0,0,3632,0,0,799377,0
8760835317496463442,13021,12595,2122,0,0,0,0,0,0,506516,387346,0
7152689370745454847,11674,9986,2817,0,0,0,0,0,0,525907,371216,0
9238572463688237724,427403,1166,0,0,0,0,0,742,71139,89766,0,331384
5695004779405974628,394986,0,0,0,0,0,9037,12710,319563,164244,0,21060
6438312933134713123,100761,423,111,0,0,0,0,1258,220325,423928,174794,0
12570398846422915053,260299,5251,442,36819,0,0,0,7411,8493,231383,371502,0
7481497075639660287,222161,3005,679,0,0,0,0,2523,2874,269143,421215,0
15853999350560378501,301596,2344,2457,0,0,0,0,0,0,340217,274986,0
4220044605625457744,133202,2408,3724,1937,0,0,0,9680,0,213185,557464,0
11693903660983093049,122144,4742,0,0,0,0,0,7181,4279,360603,422651,0
12599858727683069643,693923,13095,0,0,0,0,0,30304,180974,2982,322,0
18248436183714582090,120573,3054,0,0,0,0,0,1921,0,0,796052,0
14009972445053341356,898253,0,0,0,23347,0,0,0,0,0,0,0
1082276561786146485,920281,882,437,0,0,0,0,0,0,0,0,0
16698923378758587151,128693,907,0,0,0,0,0,9108,2174,310879,52738,417101
15742639515389762123,32611,3139,0,16950,331,0,0,397,3890,24470,839812,0
14355344808820591942,151504,846,0,6732,0,0,0,1458,134775,390676,235609,0
13213915085401404490,203808,0,0,2691,0,0,0,6579,11839,298260,398423,0
2325864797527003890,11961,14011,3099,0,0,0,0,0,0,316511,576018,0
14586144722971078130,98627,372,71,0,0,0,0,1257,233089,434927,153257,0
9214807330406718483,869023,654,0,0,0,51923,0,0,0,0,0,0
6618570711824458254,101448,4989,2285,0,0,0,0,0,0,203727,609151,0
1116386293012085389,852310,0,0,0,0,0,35983,0,30171,3136,0,0
4620353556217000114,80466,10555,0,70151,0,0,0,581,0,245791,514056,0
17069201491068825699,15445,10737,160,0,0,0,0,0,0,402016,493242,0
14531151609909875317,37093,906,0,0,0,0,0,0,14046,516281,353274,0
9655484227814894919,68505,4816,1314,16923,0,0,0,5350,0,122764,701928,0
3027867279823809980,49943,1530,0,0,0,0,0,21122,0,402736,446269,0
8386556888618129915,5652,4319,2164,0,0,0,0,0,0,584832,324633,0
17269052790355013161,921481,0,0,0,119,0,0,0,0,0,0,0
16485674251009161095,374077,6467,2205,565,1338,0,0,13984,82142,159380,281442,0
16683346370955349828,921497,0,0,0,103,0,0,0,0,0,0,0
14813828749967953407,117184,6949,0,0,0,0,0,21719,0,92150,683598,0
7982454112147078053,163438,6138,4254,0,0,0,0,130,0,66488,681152,0
3895006403275983014,369062,11094,1376,0,2313,0,0,7674,31808,340676,157597,0
5170104350160857905,6410,5999,2799,0,0,0,0,0,0,360484,545908,0
5550390134871848123,165676,0,0,6843,0,0,0,686,0,705762,42633,0
4238828504351731712,184848,843,191,0,0,0,0,4817,20602,330870,379429,0
16709594930448937194,221938,2968,0,0,0,0,0,12337,2674,58970,622713,0
730005773272183781,321885,5392,0,0,1874,0,0,10248,21452,454067,106682,0
15394062985489874311,178813,171,59,0,0,0,0,38,16830,248632,31128,445929
17977423037112333066,124795,6859,1809,0,0,0,0,0,0,330947,457190,0
1875111756972463847,7937,5528,2321,0,0,0,0,0,0,426257,479557,0
13565907153840090809,731688,0,0,1696,0,0,0,1401,3420,0,183395,0
3886678293703687254,478397,2229,0,0,0,0,0,13834,2473,25523,399144,0
513157105254623320,106973,6931,0,0,0,0,0,4471,21189,333974,448062,0
566567535803591966,4081,1255,0,0,0,0,0,2763,0,819171,94330,0
6966728532260011880,18252,2158,500,0,0,0,0,0,0,586074,314616,0
5717503026522312809,42321,0,0,0,0,0,0,13338,0,454911,411030,0
10010155418188857529,167631,957,190,0,0,0,0,9239,0,288178,455405,0
12333043201658808870,79626,836,0,137,0,0,0,7146,994,330521,99877,402463
17059628620973811686,914481,3771,3348,0,0,0,0,0,0,0,0,0
3018141881510869073,274322,0,0,22156,0,0,0,6856,0,395111,223155,0
6380932857582636203,152071,6749,6288,0,0,0,0,6453,9059,174059,566921,0
17852014667831633039,19311,8211,1336,0,0,0,0,0,0,549064,343678,0
6740891766742620298,861590,4495,0,0,0,0,0,25851,14754,14640,270,0
9521290638390631886,25379,3293,0,15719,369,0,0,0,0,26583,850257,0
6336117495900853565,5777,2449,444,0,0,0,0,0,0,604291,308639,0
750164702306993685,39063,2219,0,0,216,0,0,12252,0,465024,402826,0
9694392744493244899,35448,1245,0,10334,340,0,0,6114,0,74835,793284,0
12115868830672941514,64341,913,0,0,0,0,0,0,15299,605855,235192,0
900234926410044505,6295,3640,2362,0,0,0,0,0,0,534584,374719,0
17524973806096451161,146691,1246,0,11349,0,0,0,9913,161095,255005,336301,0
6646315855972168497,162407,3081,0,0,0,0,0,5604,0,0,750508,0
8284814745337242975,63997,244,86,0,0,0,0,233,273041,486594,97405,0
8932323864832229837,903406,18194,0,0,0,0,0,0,0,0,0,0
8805991622865848021,231904,3293,0,0,0,0,0,22581,0,258251,405571,0
15077615178347866537,105123,1168,487,245,0,0,0,5393,1752,281882,117801,407749
5804450475103323658,51268,990,0,0,0,0,0,22716,0,485135,361491,0
10224676118869403541,12019,15291,6679,0,0,0,0,0,0,494827,392784,0
6325316994224657374,29286,3961,0,0,0,0,0,1006,0,418613,468734,0
13526318875099861559,429199,2367,0,0,0,0,0,39476,0,59819,390739,0
12480674105423448255,14645,19213,9350,0,0,0,0,0,0,488664,389728,0
14194025750542645885,190477,1847,0,0,0,0,0,64853,0,60723,603700,0
7392762694154419318,199874,836,406,0,0,0,0,10718,4108,385338,320320,0
6620157225611754664,212216,0,0,3486,0,0,0,7092,6903,470004,221899,0
17867328775591262471,905770,15830,0,0,0,0,0,0,0,0,0,0
943697908240637426,915834,5766,0,0,0,0,0,0,0,0,0,0
2739512928225987008,119766,0,0,0,0,0,0,0,15465,139144,647225,0
10589603962078058461,229769,2947,496,4060,0,0,0,8383,11845,304406,359694,0
11248737596075859130,252544,0,0,3724,0,0,0,6096,0,399357,259879,0
930467621819484201,41635,0,0,6743,0,0,0,150,0,854868,18204,0
9884488254661299505,199034,0,0,7293,0,0,0,809,60631,580422,73411,0
3916500022583386397,184554,1308,0,0,0,0,0,0,15263,260401,38182,421892
16975447079391308473,127656,1441,0,0,0,0,0,5389,0,259195,527919,0
12283157579399717585,78002,239,128,6560,0,0,0,5304,0,648376,182991,0
9417961865601725741,205212,1424,511,60215,0,0,0,11293,2041,302569,338335,0
2247476856557760675,110267,22529,0,0,2332,0,0,0,105019,262711,372257,46485
16528287846176984735,184245,961,630,11845,0,0,0,12231,9031,220590,482067,0
7943082702441846306,862759,4683,0,0,0,0,0,21757,13668,18388,345,0
14970551708845786624,155728,1897,0,0,0,0,0,10795,488,259387,81407,411898
10168355229603548013,373911,3877,0,14355,0,0,0,27091,27277,281914,193175,0
5038462977549668462,194267,5470,1437,0,0,0,0,4241,0,52510,663675,0
10674066686483520190,18308,3372,365,0,0,0,0,0,0,350844,548711,0
16552886016124456905,115867,0,0,17126,0,0,0,0,13403,129045,646159,0
2399861695124642831,921220,0,0,0,380,0,0,0,0,0,0,0
4657127362392138269,187866,903,219,0,0,0,0,3205,35573,324159,369675,0
4130488188257510925,394268,2700,0,0,0,0,0,36181,0,50931,437520,0
12442746614238530984,259771,3566,0,0,0,0,0,7471,3789,70483,576520,0
15703954156775441797,207813,791,633,28101,0,0,0,12057,1949,304998,365258,0
1083835812533094073,117446,4494,0,0,0,0,0,3632,5489,333144,457395,0
4704765881309299257,26899,9589,0,0,0,0,0,0,3479,119046,762587,0
528300823321994080,387598,1083,0,0,0,0,0,11702,2279,36348,482590,0
10643664779809240782,7340,12088,3898,0,0,0,0,0,0,529480,368794,0
14312805617128494349,24171,2702,0,0,0,0,0,0,0,536,894191,0
1806958453767246853,64228,6995,0,86296,0,0,0,6548,0,76862,680671,0
9579076472964857108,55969,195,161,6834,0,0,0,1421,154868,464272,237880,0
125479260560314772,648598,0,0,0,0,0,20739,91392,17072,143799,0,0
10454090842649163417,48426,623,0,0,1536,0,0,0,0,871015,0,0
13945857786775925056,144668,0,0,7026,0,0,0,710,0,730526,38670,0
2297767631048115868,7925,0,0,0,0,0,0,0,0,881747,31928,0
1473246003002457651,918644,0,0,0,490,2466,0,0,0,0,0,0
15896853397104248049,417560,0,0,0,0,0,0,0,7737,455979,40324,0
6124338552908306381,4177,961,0,0,0,0,0,0,0,756418,160044,0
3379583325073697406,194767,778,431,41551,0,0,0,7160,3329,390320,283264,0
5802870010723771419,295614,472,0,13901,0,0,0,1565,30169,484263,95616,0
13717336742130924444,61690,497,143,0,0,0,0,0,109690,628261,121319,0
17382506760362159829,228851,6642,966,0,0,0,0,3265,1992,207778,472106,0
407189111992294848,113269,12417,0,0,0,0,0,2514,830,104830,687740,0
15055870186816676715,129235,882,0,0,0,0,0,9636,2360,307289,55397,416801
17937027975245895916,139461,8086,2294,23288,0,0,0,6954,0,315407,426110,0
14412347593056357505,22380,4496,0,0,0,0,0,0,0,584590,310134,0
12964705460123532546,411547,3714,0,0,0,0,0,1450,108667,39644,0,356578
3730037858728424969,182408,2301,0,0,0,0,0,0,12893,268632,39494,415872
16516271879296385753,223199,0,0,0,0,0,4007,0,113289,581105,0,0
16796193026761706388,105263,1104,0,242,0,0,0,12673,1556,249194,145830,405738
12275593183925834831,28824,3242,0,0,0,0,0,747,0,471884,416903,0
16028947054513613786,207701,1274,116,15554,0,0,0,8338,23145,498415,167057,0
10720629877409613240,401515,909,0,0,0,0,0,241,39063,156754,0,323118
9542671382113390220,9088,16326,5608,0,0,0,0,1285,0,496224,393069,0
7769571037157001485,53900,2961,0,0,0,0,0,3111,0,7032,854596,0
8102723125428921638,920551,0,0,0,1049,0,0,0,0,0,0,0
14782104304552950830,21572,1169,259,0,0,0,0,2387,0,646476,249737,0
230004385727211977,33949,765,0,0,0,0,0,0,428836,194950,263100,0
5876032785364749916,214868,11540,468,9025,0,0,0,8162,10165,284147,383225,0
2332490184507696377,54337,0,0,3556,0,0,0,1098,99404,763205,0,0
14576396651490455881,1439,1070,333,0,0,0,0,2372,0,810314,106072,0
13558923591769591553,921474,0,0,0,126,0,0,0,0,0,0,0
9165944879737108509,645712,18671,0,0,0,0,0,22748,227276,3226,3967,0
4123547474748495725,106788,19592,0,0,771,0,0,0,117476,264957,355187,56829
13778403012885142782,11743,4341,62,0,0,0,0,4960,0,606194,294300,0
4237685746205380153,47081,995,0,0,0,0,0,23769,0,520012,329743,0
15279992757412310077,104615,998,245,210,0,0,0,5591,1296,284252,116350,408043
13189834239326455491,387730,18555,1747,12645,4167,0,0,14038,57282,213131,212305,0
4431145541053116844,4738,1442,0,0,0,0,0,529,0,710064,204827,0
15871782002220462006,385539,1251,0,0,0,0,0,11014,1945,31064,490787,0
12745600912263993432,32860,304,0,0,0,0,0,23474,2206,662627,200129,0
16600387440305058271,189110,1055,479,12322,0,0,0,11853,10148,243428,453205,0
16631798992338511074,7063,5198,2587,0,0,0,0,0,0,399470,507282,0
3478141851684163345,280076,1139,0,0,0,0,0,18499,4470,2018,615398,0
2828868974225801202,4157,783,344,0,0,0,0,0,0,608772,307544,0
286728053717291059,72642,20240,0,0,0,0,0,0,4340,261733,562645,0
8290333995674250242,424071,3276,0,0,0,0,0,354,65686,93146,0,335067
253763439168767252,10418,785,240,0,0,0,0,0,413474,194488,302195,0
480214264378105954,178463,0,0,7434,0,0,0,586,64524,608852,61741,0
11422201562188641805,68703,7101,0,54112,0,0,0,10186,0,84885,696613,0
14408141488720325125,142729,3663,0,0,0,0,0,18889,0,368241,388078,0
4994308974536268034,9425,14097,3546,0,0,0,0,0,0,437469,457063,0
498150110095778126,281260,5410,0,0,11022,0,0,4510,8801,555062,55535,0
3849960133128579498,15747,1137,0,0,1119,0,0,0,0,903597,0,0
8491112222496259260,119935,2616,3559,13187,0,0,0,8957,0,295481,477865,0
4325237526615898353,861698,5973,0,0,0,0,0,24366,14044,15178,341,0
2031839971099595066,34717,752,0,0,0,0,0,0,17617,638884,229630,0
8011848363024736565,448028,1029,0,0,0,0,0,582,50122,84075,0,337764
6173298721975082132,136248,5938,0,0,0,0,0,12181,1636,239359,526238,0
3924638339823368503,27583,3116,0,14193,361,0,0,0,0,24437,851910,0
15903973777542971558,40040,452,72,0,0,0,0,0,96590,673646,110800,0
2969285140175107808,340432,0,0,0,0,0,0,0,29966,379092,172110,0
508283755501901083,97618,12452,0,0,270,0,0,0,147616,244347,364160,55137
9313527802721613752,5890,4916,650,0,0,0,0,0,0,496116,414028,0
5877638524073945959,898030,0,0,0,23570,0,0,0,0,0,0,0
7466383170426427109,54702,246,0,5178,0,0,0,8417,6315,382430,61478,402834
12990796784439855978,8063,18213,7057,0,0,0,0,0,0,433056,455211,0
13938508830220215404,77829,984,0,110,0,0,0,7580,1013,329987,102577,401520
14818178442812761014,190259,169,83,0,0,0,0,30,12148,229818,38755,450338
3038756554778581795,12852,0,0,0,14280,0,0,0,0,894468,0,0
1382385770749665355,5294,719,267,0,0,0,0,0,0,602067,313253,0
15351501751774520838,182402,1063,0,0,0,0,0,0,15354,265923,37762,419096
12942762636427326193,62482,15274,0,0,0,0,0,0,0,40071,803773,0
16347824647512645377,232858,2722,745,0,0,0,0,2875,0,143564,538836,0
9735755250005706735,119207,2506,3528,7210,0,0,0,9197,0,287849,492103,0
11888590959809564467,341026,2533,2543,0,0,0,0,0,0,293411,282087,0
14039562103418055973,186964,815,126,0,0,0,0,7622,0,342057,384016,0
8331455434547962301,916899,0,0,0,2183,2518,0,0,0,0,0,0
15032581855161369478,50388,7061,2073,0,0,0,0,3604,0,405434,453040,0
7536458804653138153,221435,2215,654,0,0,0,0,1132,8234,295689,392241,0
4644674740616539583,28952,3215,0,9555,284,0,0,2968,2159,129578,744889,0
12286703123617879847,223949,12357,9506,0,0,0,0,1759,3844,215523,454662,0
1861311219309208973,211372,2944,588,0,0,0,0,2839,0,248750,455107,0
4474074537124114232,56515,6834,0,0,0,0,0,1980,0,3522,852749,0
7144861813317058461,383061,1828,0,0,0,0,0,8650,3421,13085,511555,0
11088331091637739736,192925,577,190,5463,0,0,0,1733,25501,502725,192486,0
15307492862635004946,754353,3201,0,0,0,0,0,13193,29279,121574,0,0
7558478327376186099,64433,15708,0,0,0,0,0,1957,0,29661,809841,0
16881873690409210766,224220,11490,2285,9242,0,0,0,7921,9239,278204,378999,0
9762917548420482360,919920,0,0,0,1680,0,0,0,0,0,0,0
14677977045708324655,7183,5716,2503,0,0,0,0,0,0,344310,561888,0
1821858193906397522,151164,5243,2146,3456,0,0,0,6236,0,330586,422769,0
16522566868030616972,241335,1813,1659,0,0,0,0,8133,0,339255,329405,0
669033896523470482,56807,6081,0,0,0,0,0,17312,0,193151,648249,0
5305641697928282918,216160,3800,0,0,0,0,0,20937,0,257423,423280,0
5953624146645793177,920235,0,0,0,1365,0,0,0,0,0,0,0
4415438701740707222,188072,3268,195,11867,0,0,0,39117,7484,171672,499925,0
12983327418930299915,905642,0,0,0,15958,0,0,0,0,0,0,0
6791780080029564350,191080,4125,195,13606,0,0,0,3550,0,216832,492212,0
2848488201678503456,96263,461,53,7271,0,0,0,1391,174946,618755,22460,0
5238994622033362062,151646,697,0,6229,0,0,0,1362,126465,470767,164434,0
7860474449687203076,22921,2531,2144,0,0,0,0,13977,3688,153848,297560,424931
8061922571664666928,49957,328,0,3658,0,0,0,8705,6456,388015,62659,401822
11378784601630462282,329200,0,0,6283,0,0,0,1056,0,224441,360620,0
11357952081426144531,238931,0,0,5112,0,0,0,0,0,551900,125657,0
504869444123153451,4697,4834,499,0,0,0,0,0,0,357749,553821,0
4870659409153357313,212058,4329,0,0,0,0,0,11057,0,248774,445382,0
7017605756412474724,343785,0,0,1108,0,0,0,410,7114,527599,41584,0
3464894044454106687,266912,1920,168,53550,0,0,0,12525,19987,161696,404842,0
16745170875177286875,75027,4529,0,938,0,0,0,8705,434,167013,664954,0
1182976307059288905,301332,2274,2067,0,0,0,0,780,0,343181,271966,0
4204771479111320238,6300,5481,1939,0,0,0,0,0,0,413284,494596,0
1071434776534258354,507682,3916,137,1227,0,0,0,23985,33046,95090,256517,0
15323005463866733777,82420,0,0,0,751,0,0,28424,13012,339274,19156,438563
11809987429485321380,186552,1249,0,0,0,0,0,0,14410,259683,36636,423070
18247269783350623016,167702,1066,175,11549,0,0,0,1842,80087,419339,239840,0
5872836723217957611,379884,3699,0,4558,0,0,0,10288,8535,67452,447184,0
8598075554344627653,103097,1019,0,6450,0,0,0,6152,1444,318482,77406,407550
687097888574164795,148181,1337,256,9716,0,0,0,14760,2656,513407,231287,0
11194007119631353729,37484,293,104,6815,0,0,0,4884,0,760362,111658,0
10180008394097512641,47370,0,0,5253,0,0,0,2022,7615,410226,49024,400090
10270820847443901987,159211,3679,2097,3947,0,0,0,8761,0,336432,407473,0
7053765646861989866,241416,4511,0,0,0,0,0,1808,0,386483,287382,0
196020060203712499,117341,4821,0,0,0,0,0,21729,0,97474,680235,0
1420167460010044414,32843,1719,0,16967,140,0,0,15359,8229,390502,455841,0
8254030139065847139,17134,2414,0,0,0,0,0,772,0,0,901280,0
15950531563055988888,43874,0,0,0,0,0,0,13798,5233,458830,399865,0
13987861415994454172,242972,809,490,0,0,0,0,3770,1756,206278,465525,0
4042178020255410043,112238,4978,0,0,0,0,0,6517,4771,367199,425897,0
9231692064568552022,123403,3275,4519,0,0,0,0,12657,2282,324252,451212,0
3275523669352804169,197997,3543,1553,0,0,0,0,1852,3220,231999,481436,0
16534761997734504523,119004,5092,0,0,0,0,0,21150,0,94190,682164,0
426659697935032632,264303,1694,187,6475,0,0,0,6819,27071,173203,441848,0
2573261364583983976,43060,4518,589,0,0,0,0,1128,0,315771,556534,0
4744100925862716884,204959,3573,174,14828,0,0,0,17332,0,205919,474815,0
1507970857013961082,123560,1376,123,347,0,0,0,6815,1435,279797,100322,407825
17346559187777185336,650836,0,0,0,0,0,20722,91537,16142,142363,0,0
16551750439037160439,362263,0,0,1054,0,0,0,140,0,520525,37618,0
122242516339706271,326024,0,0,2894,0,0,0,457,0,510530,81695,0
4903656544869565612,22699,0,0,0,0,0,0,0,3886,846678,48337,0
12953892865015065757,446286,0,0,0,0,2208,0,0,0,10118,0,462988
796654663941535986,40479,710,0,0,0,0,0,0,12917,662382,205112,0
16581091013297726495,122697,1513,110,346,0,0,0,6802,988,279847,101857,407440
7129729661507006721,6338,618,0,0,0,0,0,0,5031,797562,112051,0
14308881120937701577,107536,6344,0,0,0,0,0,0,0,228675,579045,0
8760256047972639245,645995,0,0,0,0,0,18301,90117,7008,160179,0,0
7543333850951118310,920311,149,0,0,83,1057,0,0,0,0,0,0
10137013040634915218,5173,3556,1229,0,0,0,0,2289,0,505848,403505,0
12698120626178787798,107906,1089,0,193,0,0,0,5362,1779,277222,114881,413168
5097489789204820273,315891,560,0,13730,0,0,0,1225,43130,446771,100293,0
17335762583691295495,129387,1548,50,384,0,0,0,6982,985,270485,99491,412288
17518670591540312147,227596,3997,961,99166,0,0,0,5638,1181,235688,347373,0
2343899442700193473,680619,0,0,1304,0,0,0,4662,0,0,235015,0
14238713486319936825,186211,539,217,4263,0,0,0,2211,53004,482435,192720,0
4765884561666929805,588105,2049,0,0,0,0,0,18787,114805,85974,111880,0
15542189282964716386,14162,2522,277,0,0,0,0,681,0,538288,365670,0
796818516880739213,904460,17140,0,0,0,0,0,0,0,0,0,0
18168721147754752755,200822,611,40,13568,0,0,0,742,92672,525692,87453,0
1463632710523204819,114706,1219,0,1676,0,0,0,8341,3626,305232,77125,409675
18189854104585367367,255691,2403,2042,0,0,0,0,0,0,396351,265113,0
9600220504262706259,213463,6536,1242,0,0,0,0,1461,1578,156731,540589,0
565932379929721503,82062,2793,1839,0,0,0,0,3839,9399,278486,124983,418199
13592767346173755385,205007,546,48,6028,0,0,0,1017,22140,613902,72912,0
9547687029188263515,598901,20381,0,0,0,0,0,29107,270477,1739,995,0
17704566504903929321,288132,2413,2964,0,0,0,0,0,17206,148950,461935,0
6527056255122146449,393507,2303,0,0,0,0,0,3140,107840,61814,0,352996
14573514632983684472,337154,0,0,1079,0,0,0,356,7334,534016,41661,0
8292521320222496402,8001,12418,4948,0,0,0,0,0,0,519521,376712,0
7265763685131412282,176377,1256,0,0,0,0,0,0,14464,275271,33606,420626
2938649719633521532,155198,5575,0,0,0,0,0,3302,0,366346,391179,0
2769399647723426769,7539,10355,1553,0,0,0,0,0,0,394565,507588,0
18325966871593037091,904888,16712,0,0,0,0,0,0,0,0,0,0
13637383556233452737,168174,451,0,6012,0,0,0,1789,201982,426489,116703,0
9886448094858765980,593144,1820,0,0,0,3633,0,15254,117774,88569,101406,0
11967168189027098923,181513,943,810,11586,0,0,0,12530,6874,193390,513954,0
120955349812750806,209747,3100,802,0,0,0,0,13489,0,376366,318096,0
10026971377870927329,301988,3990,1282,10140,0,0,0,13100,0,123517,467583,0
5978815557277971514,291783,1804,1748,0,0,0,0,0,8571,372450,245244,0
172491082008330179,151192,0,0,0,329,0,0,499,18308,242411,57449,451412
15010306241571464021,162607,4231,1453,0,0,0,0,0,0,520063,233246,0
3129186281568865713,164845,684,0,6462,0,0,0,328,139437,409872,199972,0
8423940755038037223,15918,10456,2234,0,0,0,0,0,0,333847,559145,0
12576533018105760380,172731,5660,0,0,0,0,0,9648,2786,251204,479571,0
16534787040461240036,413036,0,0,0,146,0,0,1241,47893,75755,0,383529
16303939733082069115,244626,15303,407,6482,0,0,0,30968,455002,52862,1650,114300
6927098452663023852,97043,1640,162,8773,0,0,0,5963,2439,633541,172039,0
436514297076310147,921495,0,0,0,105,0,0,0,0,0,0,0
15587088835320496818,105785,369,0,6939,0,0,0,1938,110399,598673,97497,0
4952354108937565349,917714,2057,1829,0,0,0,0,0,0,0,0,0
6884874407896902403,129521,1640,0,0,0,0,0,6211,0,228924,555304,0
471506697396258435,12940,4766,0,0,0,0,0,0,0,507800,396094,0
12587270257319630916,223412,0,0,14380,0,0,0,6519,0,422965,254324,0
14970296634310296843,15459,1134,0,0,2204,0,0,0,0,902803,0,0
6314457533775617157,118302,5802,0,0,0,0,0,1386,3090,316115,476905,0
697056546567441173,921170,0,0,0,430,0,0,0,0,0,0,0
15713746639945405068,404262,57486,0,0,5608,0,0,2994,0,425483,25767,0
1597589744792049737,752698,3879,0,0,0,0,0,17867,26175,120981,0,0
2405711938088756473,831721,7355,0,0,0,0,0,0,41154,41370,0,0
6701345990960273210,920964,0,0,0,636,0,0,0,0,0,0,0
12645428657397165838,60744,381,139,0,0,0,0,1484,268762,463015,127075,0
4089238374847948178,346335,2901,16100,4850,0,0,4415,0,193303,154531,0,199165
12190683869656423624,195757,2550,1106,0,0,0,0,2958,7831,147993,563405,0
9026763316266219369,133892,1117,0,0,0,0,0,8156,667,271840,90182,415746
2366951894119274141,274832,515,56,17586,0,0,0,1003,55918,453652,118038,0
6892328191233797785,383780,14188,1512,0,2984,0,0,12149,40007,283163,183817,0
2868183102857900354,179051,980,268,0,0,0,0,14739,0,385575,340987,0
16834609948051030466,56177,466,0,0,0,0,0,6729,14603,694338,149287,0
10953190597426314393,214172,0,0,11025,0,0,0,7547,0,424233,264623,0
18295135436393546342,917881,1000,857,0,0,0,0,1862,0,0,0,0
8149848137032773702,236070,1299,0,0,0,0,0,17473,4904,0,661854,0
5290667493942423233,677432,0,0,0,0,0,5208,28952,0,210008,0,0
11937925569970402724,130484,1087,0,0,0,0,0,9710,2301,300964,61321,415733
4262875718261455071,246637,1368,1791,0,0,0,0,7519,0,335642,328643,0
16578699589789070141,917592,4008,0,0,0,0,0,0,0,0,0,0
5232297699116252025,150712,9778,0,0,0,0,0,2323,940,81038,676809,0
519582370341196471,136031,4228,0,0,0,0,0,13676,0,373698,393967,0
11913181121041795220,314388,12153,0,0,5312,0,0,984,0,584320,4443,0
8529089753835236414,73815,3491,0,5739,0,0,0,9244,118792,256679,453840,0
6113441787975956986,109317,21261,0,0,1345,0,0,0,96356,267272,380585,45464
96055145693410156,6729,1739,0,0,0,0,0,0,0,700197,212935,0
300007672501281935,208538,6974,248,0,0,0,0,5531,8476,331606,360227,0
9796105146028118860,418457,0,0,0,0,0,0,0,8659,454670,39814,0
8657821179797182909,284955,3559,994,12283,0,0,0,11472,0,148052,460285,0
17392720872779623722,13334,792,176,0,0,0,0,0,274469,272189,360640,0
10236523786069872317,921022,0,0,0,319,259,0,0,0,0,0,0
5878422864339219468,4375,1635,0,0,0,0,0,0,0,704492,211098,0
11313420932034083545,301319,2617,2355,0,0,0,0,0,0,336669,278640,0
526067242247637048,152402,4254,0,0,0,0,0,8722,0,17687,738535,0
3839213710458056847,510167,1166,0,0,0,0,0,15470,88714,169677,136406,0
12998520220097806359,52492,1784,1242,0,0,0,0,8893,7962,251083,187281,410863
17112642914500835370,231465,3414,0,0,0,0,0,11545,5401,69360,600415,0
7245258323467228171,96938,10495,0,0,0,0,0,0,0,379020,435147,0
14963471189763669791,118841,20516,0,0,466,0,0,0,121583,258377,345807,56010
4483719290797218464,908036,1618,0,0,0,11946,0,0,0,0,0,0
12747435630703804371,187703,132,130,3882,0,0,0,4735,18835,535498,170685,0
460691566323310995,6444,3291,1143,0,0,0,0,4518,0,346892,559312,0
4129894399719845907,127853,0,0,58696,0,0,0,0,18911,165578,550562,0
14108995904067070380,313417,2150,2178,0,0,0,0,639,1858,331196,270162,0
16949501897722708449,64048,1393,344,6352,0,0,0,11667,1705,579931,256160,0
15370467398976568081,190217,0,0,7510,0,0,0,2627,0,458408,262838,0
16560636039978341222,95591,6671,0,0,0,0,0,0,0,207433,611905,0
13673270012363628805,514148,1968,0,0,0,0,0,11054,7165,110380,276885,0
7008245565339479172,18185,3259,920,0,0,0,0,0,0,649058,250178,0
4742255184648703115,909357,12243,0,0,0,0,0,0,0,0,0,0
9598336090702663540,341513,0,0,1122,0,0,0,399,7041,529660,41865,0
3595762858590096215,217841,826,1126,8915,0,0,0,10852,12741,129510,539789,0
12208986852375592013,920537,0,0,0,1063,0,0,0,0,0,0,0
18376311662081060449,90913,538,95,6285,0,0,0,1072,174135,614973,33589,0
13544891901119347599,303582,542,0,13692,0,0,0,1281,55133,443290,104080,0
5037068640724060094,238288,4572,1663,0,0,0,0,2518,25839,281428,367292,0
2428867279109776795,216862,2699,493,9324,0,0,0,23925,35392,183459,449446,0
698074682035537213,96880,7068,0,0,0,0,0,696,0,171354,645602,0
11617682588283654031,413957,1788,361,0,0,0,0,18550,149853,275585,61506,0
5810819831775078014,57819,1382,368,5842,0,0,0,11985,1283,543628,299293,0
3752918968099505424,429492,2155,0,0,0,0,0,1440,97291,28600,0,362622
15475369896046285595,92418,506,80,6110,0,0,0,427,8789,778624,34646,0
13374046781871015102,358873,0,0,1184,0,0,0,157,0,521882,39504,0
3797559305864514393,221227,7691,358,5208,0,0,0,8426,11480,298825,368385,0
12860126285971430605,109055,508,52,13312,0,0,0,507,134407,606583,57176,0
11879882618615493477,239301,2391,605,0,0,0,0,1437,21342,229395,427129,0
17910742327691025476,402360,1740,1856,0,0,0,0,0,0,271273,244371,0
1157809488279077623,12665,12162,1748,0,0,0,0,0,0,213656,681369,0
9962171029342103198,203609,9707,0,0,0,0,0,0,0,251867,456417,0
17789956001768357631,131108,1164,0,0,0,0,0,9846,2215,307664,49481,420122
725056905723492869,5401,1699,0,0,0,0,0,0,0,545879,368621,0
10593592069833839426,6563,215,1414,0,0,0,0,0,0,574578,338830,0
1848791089217873290,236452,3983,483,27419,0,0,0,5863,3953,227721,415726,0
11110883974380597567,59354,15117,0,0,0,0,0,0,0,36315,810814,0
15907972625461231955,257461,2959,3905,0,0,0,0,0,0,429324,227951,0
6199312874368858814,60323,1391,0,13246,0,0,0,8125,136691,247298,454526,0
956404261670689997,9448,8401,4240,0,0,0,0,0,0,616239,283272,0
7807413941115157530,164729,3933,0,0,0,0,0,0,5050,366309,381579,0
7853074422761152932,336284,3472,558,0,0,0,0,2535,0,140925,437826,0
13538186904303506322,82206,0,0,0,1116,0,0,30933,11832,327237,31227,437049
8252678314148379356,75869,657,0,206,0,0,0,5589,963,347419,86369,404528
27571806797653109,78326,707,0,122,0,0,0,6698,972,331481,101429,401865
5086522166501459092,263128,703,255,417,0,0,0,2922,616,458825,194734,0
7523912302710080592,16059,5142,0,0,0,0,0,195,0,590211,309993,0
12337213940581063557,7717,5015,1965,0,0,0,0,0,0,511522,395381,0
12605566723361371779,147245,1778,0,1268,0,0,0,8455,806,247578,102782,411688
13514333115125503584,88967,0,0,0,287,0,0,2283,13297,374831,0,441935
7094451913427080840,5728,14541,2251,0,0,0,0,0,0,101710,797370,0
3471681067211892481,8984,0,0,0,0,0,0,0,1050,882047,29519,0
10156205338923399277,7021,3886,698,0,0,0,0,0,0,647505,262490,0
3374128070753504878,7880,689,444,0,0,0,0,0,0,599733,312854,0
2993155176988943067,335747,3431,550,0,0,0,0,2462,0,141936,437474,0
3765088132202415867,207690,12544,2926,0,0,0,0,5318,615,231444,461063,0
9341219008831684460,187327,1115,0,14242,0,0,0,12150,164882,250544,291340,0
562136930012172389,218883,9527,334,6723,0,0,0,8082,11178,297914,368959,0
2709828665911301637,239924,6898,792,0,0,0,0,3685,3053,259208,408040,0
18281762773018330862,190944,4723,0,0,0,0,0,5639,0,391598,328696,0
17281937726608907879,27846,2048,0,0,216,0,0,16017,0,453513,421960,0
8931639379714520112,221110,11287,774,8917,0,0,0,8276,9995,284994,376247,0
6379182828467310578,896583,0,0,0,25017,0,0,0,0,0,0,0
11030858451879485908,185135,5775,1694,0,0,0,0,4974,0,57294,666728,0
7064827183227119772,139216,7231,0,0,0,0,0,0,56887,243918,474348,0
181684796358752815,199945,4243,660,0,0,0,0,5639,6999,315433,388681,0
7181706262562241668,6883,8430,1291,0,0,0,0,0,0,691796,213200,0
11368242592644871649,921104,0,0,0,496,0,0,0,0,0,0,0
9128793561773045131,73629,1746,0,0,0,0,0,7015,0,0,839210,0
3315695795598377001,137890,3632,0,0,0,0,0,24447,0,360923,394708,0
6118170296872968775,161958,752,41,5968,0,0,0,478,203743,387981,160679,0
11111317131595127300,16716,905,267,0,0,0,0,0,194701,317456,391555,0
14172495033989041646,192193,3243,2728,0,0,0,0,8791,8054,212816,493775,0
11555920723492393504,84251,477,124,0,0,0,0,1474,251337,430528,153409,0
10076324633204084595,129394,4410,0,0,0,0,0,0,3610,366029,418157,0
2938670690719835587,420032,1895,646,0,0,0,0,3444,100601,31800,0,363182
5711910338755450441,3957,710,318,0,0,0,0,0,0,603599,313016,0
10769092019676523314,913286,8314,0,0,0,0,0,0,0,0,0,0
2924328855628448768,401766,0,0,0,0,0,0,1747,82327,68143,0,367617
16735980755506911281,97697,9494,7778,0,0,0,0,502,0,86330,719799,0
13429330773663262573,229853,2079,517,0,0,0,0,2333,18603,222596,445619,0
93133942224423665,187051,2035,1291,0,0,0,0,3637,7719,166332,553535,0
3271587475890470544,24201,5740,1977,0,0,0,0,0,0,562178,327504,0
3472651404254455652,76710,942,0,266,0,0,0,5900,920,342843,88178,405841
5476051848855183281,907607,1574,0,0,0,12419,0,0,0,0,0,0
4211612776764155647,170953,550,246,11989,0,0,0,10884,7016,170905,549057,0
5065892761413322952,217600,10972,1028,9306,0,0,0,8146,10683,285453,378412,0
17699008329227863649,228203,0,0,7393,0,0,0,6538,0,363829,315637,0
4391120351416560074,174310,2792,762,0,0,0,0,2420,8672,199728,532916,0
7526080262147380158,5752,3207,1364,0,0,0,0,0,0,616695,294582,0
15492055511932979507,5481,669,2030,0,0,0,0,0,0,575147,338273,0
11322587620235841917,12909,950,210,0,0,0,0,0,390839,202535,314157,0
3394246914145950485,281421,526,289,837,0,0,0,3811,0,436490,198226,0
5751433728783180602,176765,937,0,0,0,0,0,0,14882,271222,37776,420018
4181295907031666242,55507,314,0,13540,0,0,0,8880,6272,379729,54692,402666
8504173173307060493,218875,375,105,9420,0,0,0,15734,16299,487730,173062,0
2750738647023645156,205346,2823,738,0,0,0,0,6426,13535,221842,470890,0
11124285325955450880,127641,1322,0,0,0,0,0,5259,0,265761,521617,0
7108750706013281268,4901,0,0,0,0,0,0,0,0,912336,4363,0
12873406961246267248,201196,304,77,1282,0,0,0,1122,1527,544932,171160,0
2730246718901650275,1543,3400,1168,0,0,0,0,0,0,653770,261719,0
2068142076729009845,425044,1078,0,0,0,0,0,532,71420,88998,0,334528
13741615079899469599,163412,9468,0,0,0,0,0,0,0,292824,455896,0
5667285801276182984,223346,2751,0,0,0,0,0,22365,0,255406,417732,0
18187371849543945972,10761,5915,69,0,0,0,0,0,0,276779,628076,0
6722903222903014295,66658,0,0,6915,0,0,0,396,0,823548,24083,0
8464176084820668324,225672,270,100,0,0,0,0,2932,4441,480589,207596,0
8288442408367124376,23911,1077,0,0,0,0,0,3763,0,257924,634925,0
1373042629855204652,360262,8541,1092,0,2539,0,0,9873,29276,365498,144519,0
4246694084243150473,77808,265,115,7027,0,0,0,3623,68586,557610,206566,0
11738274705021639860,15057,3950,1503,0,0,0,0,0,0,635756,265334,0
7362856997443524698,14691,8260,1737,0,0,0,0,0,0,305879,591033,0
17047722483742719133,43240,3114,0,28265,307,0,0,0,0,116560,730114,0
8109623087599408723,259477,7105,229,46461,0,0,0,11467,9564,214484,372813,0
4812279749195210147,237684,4501,0,0,0,0,0,1803,0,389410,288202,0
14372599001576912449,130792,8911,0,21413,0,0,0,1128,0,239415,519941,0
7695069556257955150,230442,0,0,1568,0,0,0,6059,6312,460777,216442,0
6617580935362905149,106595,1365,0,267,0,0,0,16317,1776,264280,123973,407027
2561785056942010417,217358,3387,874,0,0,0,0,1540,12501,338708,347232,0
3132499402403433279,136441,1154,0,0,0,0,0,9723,2255,296221,61098,414708
15211788767718316084,92998,0,0,7650,0,0,0,975,72868,747109,0,0
3145067268669635664,197955,788,873,15733,0,0,0,6890,3431,389537,306393,0
8715657159705121655,71895,5351,0,0,0,0,0,0,0,46689,797665,0
2443977389030294725,17708,1088,0,0,0,0,0,3297,0,655921,243586,0
4561774108097863271,305026,0,0,0,0,0,13851,0,602723,0,0,0
5455058455867729771,29925,10766,0,0,0,0,0,0,3254,118162,759493,0
6103357533871257721,919228,1299,1073,0,0,0,0,0,0,0,0,0
13180646545927041029,426581,1810,1935,0,0,0,0,0,19988,227824,243462,0
6248811138235272818,854141,719,0,0,0,66740,0,0,0,0,0,0
8315121739134598806,293428,3524,4197,0,0,0,0,0,3067,371549,245835,0
15295385993348591939,26370,346,0,0,0,0,0,4005,8818,747612,134449,0
14774143788962000789,403181,1821,300,889,0,0,0,17390,155047,276062,66910,0
16799146693585895783,6462,18217,5789,0,0,0,0,0,0,283845,607287,0
2900548405419746933,450166,3392,0,0,0,0,0,26835,191199,113106,136902,0
4614280540071092657,375767,1361,0,0,0,0,0,10541,1586,32039,500306,0
10052354173489468794,20043,2631,0,0,0,0,0,0,0,612,898314,0
5790006412017977261,52779,189,0,0,0,0,0,825,17137,778701,71969,0
10239392742488873425,56959,6669,0,0,0,0,0,0,0,49940,808032,0
9452501183141796503,204959,2052,511,0,0,0,0,4028,8228,226057,475765,0
2361404643272310217,103412,18992,0,0,296,0,0,0,118028,257343,374775,48754
11315991191085592372,409796,1385,0,0,0,0,0,17972,151949,276975,63523,0
6819923773371912569,99912,3855,0,8256,0,0,0,9097,134578,267451,398451,0
9819901377985444389,259824,3396,4690,0,0,0,0,0,0,406657,247033,0
8453363093744180762,366350,5819,0,0,0,0,0,10361,2177,128815,408078,0
14562240355074149183,147584,1107,0,11397,0,0,0,9622,163657,253809,334424,0
8726710887396116948,8870,0,0,0,0,0,0,325,0,755556,156849,0
1136431182422403734,10162,1459,0,0,0,0,0,12529,0,544988,352462,0
4419592170594694336,13604,11295,4232,0,0,0,0,0,0,464481,427988,0
1455541923454421209,229759,4433,983,36155,0,0,0,7631,1841,194864,445934,0
10906041081221340913,361631,0,0,1091,0,0,0,136,0,520181,38561,0
7012232369429343316,118238,428,125,0,0,0,0,1084,193191,427879,180655,0
1169182665205475583,918917,0,0,0,0,2683,0,0,0,0,0,0
9363043229505791790,665056,0,0,0,0,0,7689,33984,165351,49520,0,0
3124748784093506084,165713,933,1313,10371,0,0,0,13569,5370,177640,546691,0
2724666010142377029,7395,4660,2171,0,0,0,0,0,0,581439,325935,0
14784302109912718271,221513,9554,500,6259,0,0,0,8780,10479,296833,367682,0
6476921803551809553,5922,2288,363,0,0,0,0,0,0,617847,295180,0
8030553191626051949,375069,3480,0,2638,0,0,0,1596,33789,283983,221045,0
1037567489359475910,211062,2477,304,12060,0,0,0,8373,4052,310149,373123,0
9483720236569009187,296911,0,0,5049,0,0,0,585,0,508963,110092,0
8636701429771719915,424638,2370,0,0,0,0,0,1542,98072,31396,0,363582
16863038173142479182,23108,6287,2323,0,0,0,0,0,0,531447,358435,0
14373068643943304278,15879,3288,242,0,0,0,0,1310,0,607092,293789,0
6268082531452872448,187672,1188,0,14277,0,0,0,11792,161738,250771,294162,0
16208311989040577595,51365,3125,0,0,0,0,0,3468,0,10565,853077,0
16248855085028527004,8510,0,0,6548,0,0,0,858,124903,701781,79000,0
5005962051673640626,188296,1038,479,0,0,0,0,8872,0,308986,413929,0
10442868337425228728,304914,700,212,516,0,0,0,3499,7931,409264,194564,0
12870301993372785998,142177,257,118,13939,0,0,0,6386,34827,434561,289335,0
13315494887887985026,430513,2070,1794,0,0,0,0,0,19084,213603,254536,0
2439583203791931326,219116,0,0,3583,0,0,0,5862,0,428534,264505,0
14388005796201274463,18549,3394,283,0,0,0,0,0,0,500273,399101,0
2629693746945374402,428095,0,0,1151,0,0,0,0,9860,443326,39168,0
12359431006053298250,14541,3754,1048,0,0,0,0,3952,0,226804,671501,0
4085060593638238679,61467,1446,0,15135,0,0,0,7994,131363,244552,459643,0
3320825693038097939,129173,1280,0,357,0,0,0,6475,886,269848,99486,414095
10844390230443872851,7880,16708,6676,0,0,0,0,2799,0,497906,389631,0
13423845129930452175,512728,3806,0,0,0,0,0,20097,65307,117918,201744,0
1412304543988079219,7026,1014,0,0,0,0,0,3479,0,654168,255913,0
1037471624946966865,38950,422,91,0,0,0,0,0,41571,767853,72713,0
10505266231422344623,240763,0,0,2883,0,0,0,6273,0,338003,333678,0
1996642603050574825,70683,241,102,6202,0,0,0,289,6012,809130,28941,0
10419942069842596528,361719,1613,0,4653,0,0,0,15007,21151,172304,345153,0
13409896401550352532,58705,3766,0,0,0,0,0,6651,166,141106,711206,0
12996318645671853501,49943,851,0,0,0,0,0,0,12642,656951,201213,0
9385409904560713524,101320,11138,0,0,453,0,0,0,139297,236004,388682,44706
1341136021331280287,6675,0,0,0,0,0,0,0,0,893412,21513,0
10691604834639557758,7910,10581,2650,0,0,0,0,0,0,422148,478311,0
14937211484384500239,103193,7161,0,0,0,0,0,0,0,222293,588953,0
13715523730533393541,37542,1499,0,0,0,0,0,10548,0,171225,700786,0
52820421859367909,113271,2418,0,8853,0,0,0,7848,146507,262488,380215,0
4882327159563753479,199416,3353,861,0,0,0,0,628,5692,228257,483393,0
15007685808742578511,78034,800,513,0,0,0,0,5042,6910,226898,161850,441553
15722318889989442904,5723,0,0,0,0,0,0,0,0,904917,10960,0
16034155590191433554,16101,2025,0,0,0,0,0,2980,0,542201,358293,0
290962742673055464,301597,0,0,2606,0,0,0,399,0,541686,75312,0
3641650470964892831,414857,0,0,0,0,0,18730,0,472233,15780,0,0
6492844895985535960,9462,7227,2178,0,0,0,0,0,0,575392,327341,0
8347833432393331436,382511,44385,0,0,5028,0,0,2988,0,464709,21979,0
9186278081842262497,4283,966,0,0,0,0,0,3050,0,776702,136599,0
9080017607929741106,80099,936,0,218,0,0,0,5710,1063,344827,83945,404802
14835344579435324639,62227,2140,0,0,0,0,0,2939,0,440261,414033,0
12033201083383841727,421701,5430,0,0,0,0,0,1537,103939,40203,0,348790
16797454180131343317,6344,2226,692,0,0,0,0,0,0,674533,237805,0
6277889960383746301,743000,567,647,1557,0,0,0,2311,67660,102884,2974,0
16406922084604015288,25364,2391,0,15606,339,0,0,0,0,73680,804220,0
7845823918197331876,214049,1630,760,0,0,0,0,16346,1997,326126,360692,0
11321611799438939637,6949,5988,2705,0,0,0,0,0,0,336337,569621,0
6021112993844169726,48460,1218,0,0,0,0,0,21257,0,431442,419223,0
17634304322317853770,207432,3315,0,0,0,0,0,11613,1440,46780,651020,0
18311533343601338251,334186,1774,1896,0,0,0,0,0,9250,332410,242084,0
897436296147056521,200746,4161,999,0,0,0,0,3385,0,53744,658565,0
1541154068633308790,106300,11317,0,0,0,0,0,0,59876,256478,487629,0
18444951454197947612,921457,0,0,0,143,0,0,0,0,0,0,0
3465893021158367789,225874,3903,0,0,0,0,0,2738,0,399298,289787,0
265730827757678812,83289,0,0,7320,0,0,0,1384,77094,752513,0,0
15356373878268866003,605199,4517,0,0,0,0,58802,43989,71045,138048,0,0
2331679903562196942,19339,4051,5205,0,0,0,0,13100,3806,156622,293874,425603
1313083356731197732,293971,2819,0,0,0,0,0,1930,0,185852,437028,0
6556520671597908526,223412,4882,1919,0,0,0,0,0,0,348774,342613,0
8952536124125316794,41969,14348,0,0,0,0,0,0,3991,160336,700956,0
13810772507884162149,68279,4930,1786,16072,0,0,0,5430,0,127277,697826,0
18352224210360304697,222205,2068,648,0,0,0,0,1816,4095,232691,458077,0
1889410854497165920,44973,337,0,0,0,0,0,25503,552,602614,247621,0
14873496051371438231,4957,1700,362,0,0,0,0,0,0,600800,313781,0
13193364299755077083,192280,647,215,0,0,0,0,13164,0,358462,356832,0
9659244835144993206,891426,814,1109,0,0,0,0,653,11696,15902,0,0
15977050591160827378,192035,1253,0,0,0,0,0,0,14677,254708,42141,416786
3804373182872425732,62676,2278,0,4796,0,0,0,8146,123621,248099,471984,0
12749124848207254820,108563,23022,0,0,803,0,0,0,97177,264218,384558,43259
14308667855167736001,41586,0,0,0,0,0,0,11218,0,490487,378309,0
13803264345997616284,80001,4812,0,37041,0,0,0,5284,0,0,794462,0
711017114225574761,234319,758,220,2221,0,0,0,314,23573,269599,390596,0
6041680801941308922,951,18771,4816,0,0,0,0,0,0,142331,754731,0
8659065531882048189,220930,3268,0,0,0,0,0,12642,2799,58172,623789,0
5220501491554755316,115564,0,0,205658,0,0,0,0,19174,140681,440523,0
2407574210469530010,181756,1375,0,13793,0,0,0,12244,157873,254176,300383,0
12244413764412720810,284278,4916,0,0,7469,0,0,4859,9721,550802,59555,0
16776747700541027739,3174,2110,443,0,0,0,0,0,0,664698,251175,0
10218332378316991641,118319,1366,0,398,0,0,0,7651,542,285423,92681,415220
11497937557094843329,226829,10511,1649,8849,0,0,0,7912,11168,284651,370031,0
16837804558932125557,5025,10941,3951,0,0,0,0,0,0,553380,348303,0
10906536107465117625,261028,3213,4990,0,0,0,0,0,0,408134,244235,0
14169047495995513050,127262,1244,0,0,0,0,0,5126,0,265222,522746,0
10757158465538703262,82449,969,0,7139,0,0,0,5970,1350,338753,76448,408522
1699357724412584984,4972,3706,539,0,0,0,0,0,0,661732,250651,0
16497363589291018479,158030,1727,0,0,0,0,0,19395,0,1305,741143,0
2673098548094691606,2384,1085,372,0,0,0,0,2566,0,771106,144087,0
6174065586261119919,920611,0,0,0,989,0,0,0,0,0,0,0
10390052858865117417,5650,5332,2684,0,0,0,0,0,0,367827,540107,0
9343582315334699685,14697,4733,2356,0,0,0,0,0,0,255397,644417,0
1278855921483931557,183427,1353,0,14457,0,0,0,11742,166481,248596,295544,0
170221114225147889,270247,19782,0,0,0,0,0,41136,397000,31981,91,161363
4210867786029060195,128605,1395,0,0,0,0,0,5207,0,263602,522791,0
11396154944579471936,24276,4049,0,0,0,0,0,0,0,533361,359914,0
17533349949807211794,53917,207,60,6689,0,0,0,5342,0,707809,147576,0
17004714541843675543,409603,2787,0,0,0,0,0,30482,26611,267831,184286,0
14573280229420441046,6553,12470,2698,0,0,0,0,0,0,488017,411862,0
9165599623734267755,123914,1711,83,423,0,0,0,7615,1008,271864,103345,411637
13188644659143318844,21133,0,0,0,0,0,0,0,0,489160,411307,0
14334417303934119011,415677,1497,0,0,0,0,0,597,75941,75644,0,352244
7912836567495754725,69433,6414,0,0,0,0,0,0,0,124993,720760,0
17367899869925066806,159420,5316,0,0,0,0,0,5132,0,371007,380725,0
11483262442075923883,17967,15696,282,0,0,0,0,0,0,548581,339074,0
4993269061983878074,202860,2431,1057,0,0,0,0,2987,7108,148020,557137,0
7187441411189439295,157433,1691,529,10725,0,0,0,11386,936,183030,555870,0
6790352047403043854,119354,940,0,307,0,0,0,5961,1459,242684,154135,396760
899816972927409923,221921,4057,0,0,0,0,0,15722,0,247860,432040,0
17290890399878580977,185345,4921,2170,0,0,0,0,0,0,288138,441026,0
1901999277624612211,193925,4440,0,17149,0,0,0,8968,5454,194017,497647,0
15310403442198593402,200348,0,0,0,914,0,0,403,1743,292639,17016,408537
3679721667829709899,374142,9291,0,0,0,0,0,0,140247,56111,0,341809
4819531831435310398,8953,13921,3921,0,0,0,0,0,0,487382,407423,0
9426673837361379694,449415,1974,1720,0,0,0,0,0,25010,194674,248807,0
16155036586872034584,72887,389,80,0,0,0,0,1456,242792,457710,146286,0
16263370011730364611,59801,2074,1555,0,0,0,0,23390,6617,257847,162786,407530
4271634669432819935,51336,0,0,459,0,0,0,3767,9499,404286,51219,401034
7931711230699546164,292188,0,0,0,0,0,4772,0,69225,391345,0,164070
14149295966180928494,141995,132,0,4911,0,0,0,996,48177,572350,153039,0
10095751637087164852,55230,327,0,2068,0,0,0,8998,6269,382908,66007,399793
3568841662870852141,76514,151,0,141,0,0,0,6275,756,334177,99699,403887
7413755519048377260,486442,2288,0,0,0,0,0,9003,5939,130964,286964,0
18124215728773306964,239045,3750,698,6126,0,0,0,31976,10404,136729,492872,0
14666708626552833042,917865,0,0,0,0,528,0,0,0,3207,0,0
15750206191381598136,213796,2273,2009,0,0,0,0,11331,9713,234215,448263,0
3626950663264579764,111665,11779,0,0,352,0,0,0,131421,260896,348188,57299
6987142445492185170,6363,5601,2644,0,0,0,0,0,0,366182,540810,0
16689571334775308582,95802,333,0,9515,0,0,0,1512,165839,622724,25875,0
588494338106673869,22090,450,0,0,0,0,0,14757,12335,558955,313013,0
909879515294457045,38676,406,25,0,0,0,0,0,68670,731387,82436,0
1792773749031263120,182457,3147,1652,12521,0,0,0,10311,2108,207118,502286,0
1490497412170057466,251654,1359,808,0,0,0,0,7761,0,337078,322940,0
18179475045646470416,134283,2563,666,0,0,0,0,5146,0,151912,627030,0
8385000480720064392,341351,5895,239,0,1854,0,0,10630,25423,414502,121706,0
1256793496753044332,6429,3457,1204,0,0,0,0,0,0,586343,324167,0
6347163558574150111,4526,4406,446,0,0,0,0,0,0,288914,623308,0
6976613050987343212,11824,1696,0,0,0,0,0,3209,0,454658,450213,0
2105163257633945107,143436,5581,0,0,0,0,0,11050,2674,239594,519265,0
13989288705361067167,101652,13157,0,0,1994,0,0,0,134024,249440,368826,52507
11399237535927739966,6292,4995,2548,0,0,0,0,2918,0,567185,337662,0
14573883420252720351,15004,288,0,0,0,0,0,14903,8776,552077,330552,0
12825435631785292006,915386,4045,2169,0,0,0,0,0,0,0,0,0
12793167398015043845,241085,234,0,7229,0,0,0,1010,73228,504092,94722,0
17775422309105642734,218173,3556,0,0,0,0,0,11870,3532,54356,630113,0
7021674837036946902,258542,4047,4084,0,0,0,0,215,7249,185602,461861,0
17506716258665697176,158201,1397,0,12110,0,0,0,10230,167508,252949,319205,0
17219772524559379280,2008,0,0,0,0,0,0,0,0,903024,16568,0
16761349276315689727,214372,2402,599,0,0,0,0,3654,10163,200912,489498,0
8754064221132610220,18555,4557,0,0,0,0,0,0,0,499478,399010,0
9012906379711983914,69462,1455,290,7081,0,0,0,11222,3548,586963,241579,0
11706259681239799073,10844,4076,0,0,0,0,0,0,0,529436,377244,0
16862856317339348888,39101,3048,0,28360,350,0,0,0,0,114505,736236,0
15035594392399518197,51455,16998,0,0,0,0,0,0,3453,202594,647100,0
1563399331744812640,69345,6939,0,93675,0,0,0,9051,0,82049,660541,0
13588341113486355629,121284,7420,0,0,0,0,0,23219,0,105645,664032,0
16034955905525115588,267358,0,0,5159,0,0,0,0,0,524512,124571,0
3208776243093252194,6157,13909,3084,0,0,0,0,0,0,502398,396052,0
14730115388658117381,115077,22861,0,0,702,0,0,0,102650,260318,373130,46862
4158772712176370146,423947,2252,1952,0,0,0,0,0,14420,216934,262095,0
16002639211069954532,689561,4283,0,0,0,0,0,1826,107048,48322,0,70560
5584189121070882393,178871,223,0,7423,0,0,0,1375,69734,451888,212086,0
100806003885460899,120739,314,245,0,0,0,0,7765,8693,272663,57939,453242
14294158361457016705,49146,270,97,6176,0,0,0,2127,170347,499379,194058,0
1033272544384259020,434339,0,0,0,0,0,0,3025,67807,65067,0,351362
7881397028904204675,190432,816,1281,2167,0,0,0,5825,2920,401131,317028,0
13357887802719671842,60832,1458,0,8212,0,0,0,8034,134581,246928,461555,0
3407665206500568426,51617,15382,0,0,0,0,0,0,2875,335983,515743,0
1832293206044593063,7758,3051,1983,0,0,0,0,0,0,591977,316831,0
9351398938098645203,411735,0,0,0,0,0,0,0,7324,461079,41462,0
5686877871864252269,72205,702,0,210,0,0,0,5518,1015,348899,88672,404379
1505626342688444624,112438,22067,0,0,923,0,0,0,100331,271129,369259,45453
3507263983413665223,381122,19326,1739,0,2225,0,0,14478,68297,197671,236742,0
1543792562557686356,118233,0,0,0,0,0,0,0,13359,128538,661470,0
7630201461892362004,51227,1310,0,0,0,0,0,20498,0,414457,434108,0
8271237500911866523,31567,532,0,0,0,0,0,21325,2403,676869,188904,0
9080311622185536573,27657,907,0,0,0,0,0,0,17738,529503,345795,0
9481866841925199238,197612,2649,1320,11985,0,0,0,10505,0,183737,513792,0
6806889015642947975,603379,0,0,0,0,0,18271,0,225836,74114,0,0
12024767974407931599,289412,4337,0,0,2906,0,0,5256,13570,540897,65222,0
10091798092201137757,26722,959,0,0,0,0,0,0,18581,537847,337491,0
14319150177066816098,252330,2845,232,7118,0,0,0,18448,20217,140621,479789,0
12510658871511723811,205458,2498,1052,0,0,0,0,3197,772,290114,418509,0
15403409880037985440,20604,1735,1613,0,0,0,0,16722,2734,177803,276717,423672
15646933991011147295,92748,180,0,321,451,0,0,4416,8256,383403,25821,406004
13297075007985218544,58289,1000,0,0,0,0,0,0,7545,570483,284283,0
16440118593879806089,12504,850,192,0,0,0,0,0,309059,254685,344310,0
1704850098295656934,367739,2344,2285,14480,1307,0,0,18921,83133,139698,291693,0
13000485117227249830,60568,16313,0,0,0,0,0,2688,0,12002,830029,0
4042491761205907144,5514,4455,2024,0,0,0,0,0,0,585386,324221,0
13620620552044129209,3803,0,0,0,0,0,0,0,0,860633,57164,0
13699772450037105951,919683,0,0,0,1737,180,0,0,0,0,0,0
4360111985048084608,5925,3506,1189,0,0,0,0,0,0,522124,388856,0
5436724895366369293,14175,1073,365,0,0,0,0,2575,0,657403,246009,0
12987643373710549159,65649,4365,0,48704,0,0,0,2777,0,0,800105,0
15758909819693550515,222386,3886,0,0,0,0,0,21141,0,260413,413774,0
4574566341149277826,201604,733,574,11844,0,0,0,11982,460,317779,376624,0
4486067467317150000,376663,13290,1133,0,3294,0,0,7497,40460,311104,168159,0
4941400716864130259,10006,11379,2064,0,0,0,0,0,0,525852,372299,0
10245396218064258564,248447,2269,1967,0,0,0,0,0,0,401004,267913,0
5462223944711966570,196419,2287,710,0,0,0,0,3740,7285,162606,548553,0
13667203682340987799,91535,584,40,10467,0,0,0,1150,173121,625716,18987,0
16943921752050682566,59575,256,133,6441,0,0,0,1287,182965,415401,255542,0
15428489750229491532,119933,425,0,6219,0,0,0,2013,118716,550264,124030,0
11470480238124838199,68771,0,0,6619,0,0,0,1320,100332,744558,0,0
9810838604893364196,11373,17609,4807,0,0,0,0,0,0,493120,394691,0
1066676411018271766,15522,8053,1164,0,0,0,0,180,0,597095,299586,0
5484599098285248518,919293,0,0,0,2307,0,0,0,0,0,0,0
10068012896430905207,5929,4781,2433,0,0,0,0,0,0,574652,333805,0
2717862976698570182,84593,425,126,0,0,0,0,1451,259301,424490,151214,0
848067948475834176,106301,20538,0,0,2128,0,0,0,111943,269823,357102,53765
4209780144802555174,94146,0,0,0,0,0,0,0,97064,608271,122119,0
8263088523586177689,298832,5530,0,0,8431,0,0,129,0,608601,77,0
6837793402585860308,208323,2643,563,0,0,0,0,9252,12398,199588,488833,0
2352571018022910723,221185,4276,0,0,0,0,0,4808,0,372614,318717,0
5153598803887790177,223271,5859,529,4143,0,0,0,8450,11533,300787,367028,0
14068958142720419651,404070,63,0,0,0,0,0,0,0,471887,45580,0
7441309077290794782,7474,14011,3160,0,0,0,0,0,0,501775,395180,0
1350979740332917611,205975,2538,652,0,0,0,0,0,7598,222152,482685,0
6475215093998840989,912312,3444,3579,0,0,0,0,2265,0,0,0,0
17095590482926512676,423244,0,0,0,0,0,7115,0,9629,463506,0,18106
3241987831815261771,63611,3681,0,0,0,0,0,4094,0,487963,362251,0
5179530354049986667,271363,6481,2117,0,0,0,0,0,21333,153756,466550,0
16014534495500305398,73572,817,0,207,0,0,0,5550,831,348482,88327,403814
12610571015519499516,250157,7264,0,0,0,0,0,0,0,209292,454887,0
13359181435889033353,97042,10963,0,0,539,0,0,0,135037,238667,397588,41764
11205644469166030718,168499,1507,0,12606,0,0,0,11420,162355,251155,314058,0
13805141168495648278,72018,2700,0,0,0,0,0,3019,0,61041,782822,0
1441187268272350799,59523,1461,0,10904,0,0,0,8110,131033,246364,464205,0
4508232563996210306,175188,4048,0,0,0,0,0,9647,0,23711,709006,0
11974556573006386660,275251,13313,0,0,0,0,0,41875,389696,35738,0,165727
9834972443896695184,77707,633,0,0,0,0,0,22128,5632,585675,229825,0
11353805114495240458,73586,12053,0,0,0,0,0,0,0,37853,798108,0
13851339848667311381,920875,0,0,0,84,641,0,0,0,0,0,0
6118761987001245380,205204,2501,727,0,0,0,0,0,7916,222002,483250,0
7077286978946490321,12389,135,55,0,0,0,0,0,0,855077,53944,0
15753035480842379920,62925,429,99,0,0,0,0,0,134163,594215,129769,0
18158647179915786356,4290,0,0,6510,0,0,0,0,0,870145,40655,0
17471046855131083038,731971,872,685,1589,0,0,0,2145,99903,59818,3964,20653
5279371287851915860,104731,456,0,7329,0,0,0,1462,151808,619949,35865,0
4824853144333213008,5201,4535,2301,0,0,0,0,0,0,575240,334323,0
11964236975574180212,138959,2937,2630,10751,0,0,0,11536,0,188429,566358,0
4302208918855472810,51456,1393,0,0,0,0,0,18191,0,409742,440818,0
7080771352221183170,15027,9428,2033,0,0,0,0,0,0,333597,561515,0
5872830711570976933,16292,5410,2628,0,0,0,0,0,0,625699,271571,0
2007307559682453073,153340,742,159,153,0,0,0,4853,13636,558659,190058,0
16913038312888980605,18866,4330,0,0,0,0,0,0,0,583290,315114,0
17427369759857269478,126420,1528,1461,165,0,0,0,6432,1343,260382,120286,403583
10077531788404171955,30326,603,0,0,0,0,0,18774,2327,690620,178950,0
6241757261059664963,80550,960,0,326,0,0,0,5983,1412,342140,83284,406945
8941931303959914751,9488,5158,0,0,0,0,0,41,0,616273,290640,0
7205858750961222624,154663,1916,0,0,0,0,0,10398,410,259111,84309,410793
3001172154752244016,904960,16640,0,0,0,0,0,0,0,0,0,0
1724235562434762177,282735,3471,5064,0,0,0,0,0,0,383137,247193,0
14804871600879534479,26634,834,0,0,0,0,0,0,5712,473027,415393,0
15025478245246553525,599039,5744,0,0,0,0,85515,22049,57407,151846,0,0
5099171991200468903,921475,0,0,0,125,0,0,0,0,0,0,0
13375139145803720065,210588,100,323,1951,0,0,0,6934,11014,280722,409968,0
3326761831000136736,167943,3242,350,0,0,0,0,9498,5314,103755,631498,0
4500822198600690651,13278,13017,6442,0,0,0,0,0,0,509414,379449,0
1187241559743869813,406037,2189,0,10238,0,0,0,32327,143234,186298,141277,0
8269802364554518783,36636,1406,0,13174,199,0,0,19518,0,396570,454097,0
92850473685996574,52395,1397,368,6072,0,0,0,18372,548,523319,319129,0
1297640199759580981,27005,2697,0,13993,327,0,0,0,0,25442,852136,0
14897036403382014465,240994,1084,684,0,0,0,0,3389,3622,207021,464806,0
11424803915299736132,33508,966,0,0,0,0,0,5567,17730,572534,291295,0
15585551411098703061,343648,0,0,1150,0,0,0,385,6956,527807,41654,0
13904777710925002793,112128,23237,0,0,795,0,0,0,100320,261279,380212,43629
7383187388537999425,231275,1267,0,0,0,0,5278,0,133625,550155,0,0
4680149909212987375,384992,1566,0,0,0,0,0,11053,2467,21885,499637,0
11296663714542220389,10860,6511,3881,0,0,0,0,0,0,629147,271201,0
2930657593158534477,921456,0,0,0,0,144,0,0,0,0,0,0
6769561179529148344,12372,3215,1112,0,0,0,0,0,0,652415,252486,0
4552566088381965127,28208,18484,0,0,0,0,0,0,0,20290,854618,0
4246698600301258416,206900,5077,310,0,0,0,0,347,34337,286016,388613,0
6341481928631994447,33233,1649,0,17052,169,0,0,13016,7885,387020,461576,0
12194168686413623509,45832,0,0,499,0,0,0,2865,8661,412045,50925,400773
221193017570126229,4865,703,337,0,0,0,0,0,0,605440,310255,0
5488512942017877704,163520,524,68,6135,0,0,0,734,16944,683040,50635,0
11435181023585655355,193677,801,602,7013,0,0,0,7541,3199,386156,322611,0
5080813636828168161,35106,0,0,6451,0,0,0,1358,128912,634476,115297,0
3782957444134732660,87672,419,151,0,0,0,0,1433,225933,445411,160581,0
2657806636856045621,18366,31188,1148,0,0,0,0,0,0,474842,396056,0
9942961759183617837,7134,8045,2364,0,0,0,0,0,0,471379,432678,0
17323076049846754623,109182,5712,0,0,0,0,0,1325,0,234223,571158,0
1777227677019661798,37428,734,0,3049,0,0,0,7551,7046,404341,61828,399623
9657662493058959858,270505,3945,1429,6770,0,0,0,13843,0,105975,519133,0
3058740308882777616,135163,2568,3914,1269,0,0,0,10525,3351,207504,557306,0
8294691974632180282,127442,5360,0,0,0,0,0,2500,3932,270769,511597,0
5304348637350975056,156738,4689,1763,0,0,0,0,0,0,388389,370021,0
851490798994421960,82675,2976,1740,0,0,0,0,2832,10611,275452,129885,415429
1627366137620738905,239648,0,0,2567,0,0,0,4386,0,416892,258107,0
5741989226584421209,394820,4069,0,0,0,0,0,333,38894,159786,0,323698
1767199955362179921,414855,4571,0,0,15857,0,0,2261,3259,441189,39608,0
10687233539926835460,285029,5575,0,0,7632,0,0,165,0,622120,1079,0
12666363354102518700,5913,10794,4465,0,0,0,0,0,0,545661,354767,0
14548322117941714482,196743,153,67,0,0,0,0,33,13145,228470,34088,448901
4668006088449586240,425997,0,0,1194,0,0,0,0,10686,445036,38687,0
1073935902098644701,915517,662,0,0,0,5421,0,0,0,0,0,0
12152155281541364465,65837,5827,0,0,0,0,0,0,0,57134,792802,0
14325000755394830639,725768,0,0,1043,0,0,0,7201,4406,0,183182,0
8561977662563356360,115049,1176,0,340,0,0,0,8623,1697,241782,151752,401181
1587323288133401238,17868,0,0,5689,0,0,0,1397,121269,727597,47780,0
11140105133199471375,167569,6028,8047,0,0,0,0,8760,4009,188725,538462,0
14273342924912254880,13226,2054,0,0,0,0,0,175,0,587333,318812,0
17286353071782444852,240435,2892,2138,0,0,0,0,3949,2503,198515,471168,0
9078219100141477018,204490,2761,678,0,0,0,0,4313,12526,212335,484497,0
11999618417699427738,133163,0,0,0,0,0,0,0,19305,165232,603900,0
1689012710533002010,134700,2300,0,0,0,0,0,8706,0,155607,620287,0
3400307434911303780,7519,6414,3321,0,0,0,0,0,0,505578,398768,0
10178552569969309793,649,32114,3885,0,0,0,0,0,0,0,884952,0
2373226713079084265,402327,3039,0,0,0,0,0,36408,137283,180154,162389,0
6464137069511312769,140749,3038,2483,0,0,0,0,11790,0,379341,384199,0
8287387824463425471,6720,3288,1623,0,0,0,0,0,0,578102,331867,0
9425992350178821193,36988,2919,0,26689,317,0,0,1658,3435,65962,783632,0
2686722809869893595,42806,0,0,0,0,0,2375,0,244804,480683,0,150932
3667390544045063696,177580,1220,226,0,0,0,0,13980,0,378154,350440,0
6414709243900314459,59199,0,0,7125,0,0,0,1002,72574,621873,159827,0
3745365604979242343,409158,1090,0,0,0,0,0,203,35792,147670,0,327687
7121069202406313100,27187,3625,0,0,2111,0,0,0,0,888677,0,0
12459145051171834792,383976,3046,0,0,0,0,0,638,128993,58584,0,346363
7096532267840002088,176288,6121,1731,0,0,0,0,5182,0,60626,671652,0
8596383674765762071,130079,978,0,0,0,0,0,9296,2277,307961,54203,416806
4582315413720669576,10776,2396,0,0,0,0,0,0,0,500658,407770,0
3075569100907174765,419611,0,0,0,0,0,73906,0,232210,195038,0,835
2405164778349066658,275663,2390,449,8744,0,0,0,17801,44046,171169,401338,0
1079669000590963360,89587,372,150,0,0,0,0,1377,226273,437605,166236,0
2416837954302229078,126496,5671,0,0,0,0,0,1926,3280,324920,459307,0
10517004651796028679,272060,3608,783,4707,0,0,0,13680,0,97827,528935,0
360387477899682364,238195,448,93,992,0,0,0,611,1402,499065,180794,0
11508354802340356506,332197,0,0,1588,0,0,0,321,0,536076,51418,0
16592762137412826104,5590,3763,1147,0,0,0,0,0,0,553440,357660,0
13101485815148795777,159235,6558,2106,0,0,0,0,4120,0,71710,677871,0
18179849684397220362,61749,13812,0,0,0,0,0,14429,3724,277041,550845,0
1998598879626076185,4950,2184,0,0,0,0,0,1292,0,0,913174,0
11680301514183716252,227290,265,0,6452,0,0,0,1182,11635,599946,74830,0
15637316936245518125,110933,506,89,6313,0,0,0,671,13010,749978,40100,0
1503594843271355233,292497,5489,0,0,8398,0,0,117,0,614421,678,0
15329360345373035200,184796,507,60,1529,0,0,0,1477,5431,558914,168886,0
14846801321918264045,104380,365,49,8291,0,0,0,750,135734,617446,54585,0
2891548365505915190,301340,541,71,13505,0,0,0,1312,31912,463031,109888,0
1519695048939856393,239660,408,179,1529,0,0,0,1209,0,491436,187179,0
16913036760907132733,115655,20117,0,0,466,0,0,0,121931,258782,348758,55891
11554350345589565670,142165,1044,0,11396,0,0,0,10403,165387,253808,337397,0
890739496614352734,36663,10082,0,6518,0,0,0,7052,0,139969,721316,0
6565620495815704390,140472,4117,0,0,0,0,0,11224,0,368680,397107,0
14883321603690779563,18361,0,0,6871,0,0,0,5678,0,817750,72940,0
14664268413106814518,39951,0,0,7183,0,0,0,651,74566,689194,110055,0
15748629070704934607,110035,10531,1802,0,0,0,0,0,0,278434,520798,0
2273234082020975874,122476,1193,0,231,0,0,0,2893,2048,250541,135467,406751
1334838097417004296,358075,0,0,1075,0,0,0,151,0,522688,39611,0
2448201211348365141,5399,3336,1672,0,0,0,0,0,0,674858,236335,0
666784094547308947,222007,3492,0,0,0,0,0,11766,3574,59170,621591,0
15571074399695021617,20314,4007,5416,0,0,0,0,12211,3769,157048,292923,425912
4244355589375708693,20881,5241,812,0,0,0,0,102,0,612163,282401,0
757926436157850573,11591,3788,1374,0,0,0,0,312,0,455565,448970,0
17642296476094694350,123368,1567,88,347,0,0,0,8182,1280,278360,98534,409874
15685522117356140113,14567,23318,2828,0,0,0,0,0,0,308092,572795,0
17309736579540098298,18656,4958,0,0,0,0,0,0,0,562910,335076,0
12502877680357398973,154127,0,0,15098,0,0,0,5995,0,473750,272630,0
683334512492051338,5914,11055,4136,0,0,0,0,0,0,532699,367796,0
18429570055289628886,8439,3444,1254,0,0,0,0,0,0,508366,400097,0
2610374249744027988,9470,224,0,0,0,0,0,810,48559,802357,60180,0
5055397038251666966,114717,1510,0,323,0,0,0,22329,1548,276649,97732,406792
17347631358345407980,59108,1477,0,6822,0,0,0,7966,134034,245735,466458,0
5848104149913372498,906636,89,0,0,0,14875,0,0,0,0,0,0
397624224091174231,265995,12394,0,0,0,0,0,28933,520631,33393,0,60254
13414230186547458348,154871,0,0,10279,0,0,0,5927,0,473570,276953,0
7253131049787130051,29678,614,0,0,0,0,0,18237,2468,708844,161759,0
5534722616232182253,224802,3293,0,0,0,0,0,25624,0,255325,412556,0
4870346096200992252,5801,3115,401,0,0,0,0,0,0,661506,250777,0
1039970613745089403,256872,0,0,9126,0,0,0,1696,0,319694,334212,0
13532735944088893187,5569,3498,1305,0,0,0,0,0,0,615856,295372,0
7245382200468302988,912800,8800,0,0,0,0,0,0,0,0,0,0
10976489446176108000,21670,10089,1507,0,0,0,0,0,0,524868,363466,0
15977397154488452352,4154,0,0,0,0,0,0,290,0,877665,39491,0
15247366081589207175,31676,2818,0,0,0,0,0,1286,0,2182,883638,0
13654079224450191963,250328,4045,4951,0,0,0,0,4921,7596,169688,480071,0
5856083452322781078,142573,1291,0,11286,0,0,0,9538,159704,257455,339753,0
11217972445106776159,112779,0,0,0,174,0,0,0,13694,357000,0,437953
10350784365160863566,118247,9464,0,0,0,0,0,0,47595,261256,485038,0
870913745001588422,4580,1565,0,0,0,0,0,671,0,712063,202721,0
10831511439934288249,907114,14486,0,0,0,0,0,0,0,0,0,0
9364532600434358546,152867,773,112,6526,0,0,0,1103,197372,385606,177241,0
7727040543679271120,896478,25122,0,0,0,0,0,0,0,0,0,0
11308287576737463137,8312,17805,2287,0,0,0,0,0,0,280275,612921,0
11454186441060468207,112135,6112,0,11776,0,0,0,14842,1252,194282,581201,0
16794773707260414292,20072,2373,0,0,0,0,0,0,0,459389,439766,0
17066363331500623274,58263,10715,0,0,0,0,0,2206,0,8247,842169,0
6466690377970926315,599719,1790,0,0,0,0,0,18932,119238,97195,84726,0
6716096723270982629,247223,0,0,518,0,0,0,6315,0,408697,258847,0
4817005062883058279,55285,322,0,1780,0,0,0,8982,6791,377048,72310,399082
3115131244831757541,11646,1462,0,0,0,0,0,9606,0,504856,394030,0
15467357398555530809,175639,94,135,7857,0,0,0,4232,22605,545980,165058,0
6411901496635495569,104046,13001,0,0,1353,0,0,0,135676,255317,357280,54927
16176784046997266555,10070,11337,36,0,0,0,0,3126,0,607894,289137,0
14965513954805179901,91048,439,187,0,0,0,0,1195,241261,428874,158596,0
5822616129601762163,211637,4911,1910,0,0,0,0,0,0,357869,345273,0
8189261591248036731,65834,6757,0,136922,0,0,0,7870,0,79051,625166,0
16492381187291947267,186389,493,0,7391,0,0,0,1397,79485,419373,227072,0
17097528251260136586,405098,2535,655,1173,0,0,0,24771,152802,285020,49546,0
6061899783567667272,89457,9540,0,0,0,0,0,4229,361,90719,727294,0
6709154101777055025,864709,653,136,0,0,0,0,0,29986,26116,0,0
288398525940784654,132479,6862,2206,0,0,0,0,3262,0,75449,701342,0
16926580501549494844,175939,0,0,2078,0,0,0,5208,5570,468375,264430,0
16628440138791397537,206589,649,820,0,0,0,0,13671,7728,378818,313325,0
8623781616530491365,4548,6322,2774,0,0,0,0,0,0,0,907956,0
11201709417105563149,52031,1526,0,0,0,0,0,20492,0,403668,443883,0
12027252483198461849,8065,4389,1611,0,0,0,0,0,0,509639,397896,0
15416198513729662854,125579,2577,3398,28561,0,0,0,8343,0,296590,456552,0
14384856085517070358,5990,905,286,0,0,0,0,0,0,596381,318038,0
5115905372582335150,28555,559,0,0,0,0,0,19756,3044,714568,155118,0
686391848143935111,59972,1544,0,11117,0,0,0,8203,129569,246497,464698,0
17271974251922458516,420001,3036,2715,0,2525,0,0,9196,110391,37547,336189,0
1023327535070136989,7253,860,0,0,0,0,0,0,421578,183855,308054,0
17219972001266495181,918800,0,0,0,2800,0,0,0,0,0,0,0
3897869488977057808,68136,575,0,0,0,0,0,8691,12750,676188,155260,0
14078915225533081525,81049,971,493,0,0,0,0,4072,9200,241025,147905,436885
7471493474526371100,220600,10807,384,9118,0,0,0,8142,10443,284333,377773,0
14188096594654630302,79867,5911,0,0,0,0,0,2056,0,41915,791851,0
16771260595611287766,109678,5631,0,0,0,0,0,5473,4832,234954,561032,0
16994165417686237230,270026,0,0,0,0,0,4097,0,72477,440052,0,134948
15551328389257912901,33716,922,331,0,0,0,0,0,128940,339010,418681,0
14517464333634309792,108842,3705,0,8719,0,0,0,8742,131994,268542,391056,0
8786105325016016427,203242,899,392,12113,0,0,0,12004,0,228875,464075,0
11513682788202468004,78749,1151,533,0,0,0,0,6349,9715,278596,129088,417419
9715584069494886965,149732,1043,151,0,0,0,0,2680,99736,441801,226457,0
6254830911583912740,395565,2348,0,11917,0,0,0,26128,184858,127285,173499,0
11444412891074851175,135771,1623,0,1206,0,0,0,8678,1513,262001,97803,413005
5339354584486019302,69416,569,115,0,0,0,0,0,212986,531942,106572,0
1425309883016142702,9461,16411,7671,0,0,0,0,0,0,495426,392631,0
404577835804339156,90178,10201,1792,0,0,0,0,0,0,298126,521303,0
3798975556861652411,6642,3847,2158,0,0,0,0,0,0,522719,386234,0
15599980680115230176,199221,2759,1622,12422,0,0,0,10508,2793,170829,521446,0
9076997693203206345,20413,4706,1994,0,0,0,0,0,0,593645,300842,0
1209539747734707646,5298,4604,1739,0,0,0,0,0,0,573946,336013,0
5785611543837199028,920600,0,0,0,0,1000,0,0,0,0,0,0
3072494122866749604,211530,2611,745,0,0,0,0,0,7244,220077,479393,0
10675553883684536865,104062,12645,0,0,542,0,0,0,152501,248334,343228,60288
16801535918277698725,6571,1145,0,0,0,0,0,3029,0,675728,235127,0
6585236628833357468,2530,0,0,0,0,0,0,0,4356,743586,171128,0
10321617037000281835,365633,0,0,134,0,0,0,255,0,513600,41978,0
10002672813921613015,264192,523,0,13964,0,0,0,1006,74419,468486,99010,0
10255982769559582026,9807,4522,47,0,0,0,0,5243,0,599865,302116,0
12371542879062927738,11113,10157,3274,0,0,0,0,0,0,517517,379539,0
7361805462397093753,215717,0,0,7177,0,0,0,6635,0,421698,270373,0
12497820566211793159,185645,861,211,0,0,0,0,16962,0,371374,346547,0
17151460473633133843,12080,4596,2189,0,0,0,0,0,0,427872,474863,0
16721207596536859192,291293,7200,0,0,5076,0,0,193,0,616389,1449,0
6655831389321081269,339492,0,0,2154,0,0,0,303,0,515602,64049,0
16061828387037386927,228312,1493,593,3905,0,0,0,8100,12455,312717,354025,0
16078758721003112308,190133,2407,1201,0,0,0,0,6157,12926,185098,523678,0
14016659377439774721,18330,3864,0,0,0,0,0,0,0,593679,305727,0
10908519449825267514,20137,738,0,0,0,0,0,0,54498,424593,421634,0
773037666286638884,4608,2201,453,0,0,0,0,0,0,669097,245241,0
16592101051461346004,920874,0,0,0,0,726,0,0,0,0,0,0
4643381749236242814,127233,1442,109,300,0,0,0,6649,1974,269567,107079,407247
6606780436484746965,198124,2945,935,0,0,0,0,2033,8831,226477,482255,0
16515029693595504869,450739,3224,0,0,0,0,0,15373,241341,84408,126515,0
12445189520536098388,920743,0,0,0,0,857,0,0,0,0,0,0
367006227615889139,40778,3026,0,29074,370,0,0,0,0,110752,737600,0
5968317494951086504,34417,6212,2113,0,0,0,0,2077,0,447069,429712,0
12239118234690442217,212938,571,99,12658,0,0,0,12981,19053,492016,171284,0
9644644833151751896,223847,4001,0,0,0,0,0,3647,0,388285,301820,0
8898296354341732813,382447,0,0,0,0,0,0,335,0,492275,46543,0
5627131575159800772,95394,12196,0,0,623,0,0,0,131593,237603,402369,41822
7658298817471280031,165351,0,0,0,0,0,11125,39884,78534,617606,0,9100
15529269308811042713,908689,12911,0,0,0,0,0,0,0,0,0,0
4631497873507082562,2764,1023,57,0,0,0,0,1380,0,861951,54425,0
2679391325890811688,348526,0,0,1695,0,0,0,235,0,516173,54971,0
2310965222745007810,921490,0,0,0,110,0,0,0,0,0,0,0
7256423365997672092,6550,4955,2017,0,0,0,0,0,0,565700,342378,0
13155610386482068810,465133,3624,0,0,0,0,0,26322,143081,123731,159709,0
240773757587674529,29545,5488,1798,0,0,0,0,725,0,423328,460716,0
15148206418611626042,363569,0,0,1100,0,0,0,110,0,519506,37315,0
4581659020499065095,443072,3303,2812,0,2387,0,0,6665,109516,2553,351292,0
17504874758080650960,372782,1787,1800,0,0,0,0,0,5133,296246,243852,0
5579048467332401683,189453,1106,1374,5667,0,0,0,5664,2526,405408,310402,0
6680144225550318983,313579,2535,2677,0,0,0,0,1370,32458,293873,275108,0
9300789224516808098,8113,0,0,0,0,0,0,0,2267,874671,36549,0
14007640644408569407,1571,1136,280,0,0,0,0,2519,0,740913,175181,0
2766950578991773223,10695,14079,3759,0,0,0,0,0,0,487310,405757,0
8476024608065052521,920939,0,0,0,661,0,0,0,0,0,0,0
3323291192355758555,162687,604,69,2871,0,0,0,2262,10830,577275,165002,0
7916873495750030283,406232,2782,0,0,0,0,0,36126,54522,251664,170274,0
5697382241313143128,293048,540,46,14229,0,0,0,1241,41476,454533,116487,0
16044528354313328080,277797,631,294,938,0,0,0,4234,0,446897,190809,0
14293635553820072978,117573,4076,0,0,0,0,0,8473,0,19998,771480,0
4288955810838243556,121917,1322,260,8528,0,0,0,15203,2925,525687,245758,0
14862632864033291595,14294,5823,2996,0,0,0,0,0,0,633193,265294,0
2036507249198833630,451524,1897,1739,0,0,0,0,0,19072,202737,244631,0
10519084482696130448,83143,0,0,0,996,0,0,31198,11774,308197,47075,439217
17618373034858309094,105418,547,162,0,0,0,0,1517,226440,427475,160041,0
1106589424885202630,918986,2016,598,0,0,0,0,0,0,0,0,0
4913698148193857427,78188,775,0,131,0,0,0,6849,773,334577,99425,400882
2843587668424218867,5481,4450,2105,0,0,0,0,0,0,588450,321114,0
2229183722422786714,56170,310,0,13767,0,0,0,8630,6235,380909,52476,403103
2457016693701574520,161402,1138,0,0,0,0,0,0,16455,287547,35347,419711
9196728957872485899,201083,1821,0,0,0,0,0,0,15056,240972,45981,416687
6476247376985100987,5256,9973,4876,0,0,0,0,0,0,541038,360457,0
14170893943509105009,173247,1190,0,0,0,0,0,0,13457,279598,34512,419596
13612651455884561119,204025,2075,0,0,0,0,0,0,15072,236216,47661,416551
7920215758539242081,282616,166,323,0,0,0,0,9502,0,438737,190256,0
7120019856664490846,431367,865,0,0,0,0,0,605,51233,108683,0,328847
18005127221031086846,183461,118,76,0,0,0,0,41,15783,243416,31911,446794
13811675474225306280,20703,856,0,0,0,0,0,15247,13301,562745,308748,0
13209866054188241332,28339,632,0,0,0,0,0,18767,2533,702468,168861,0
11292130021298430533,129721,1936,0,0,0,0,0,7461,0,194593,587889,0
14936954362731732171,176351,225,118,12449,0,0,0,3380,9066,519458,200553,0
3370149683523492009,13760,2733,0,0,0,0,0,0,0,0,905107,0
6900169683567711337,48117,2880,0,0,0,0,0,1357,0,0,869246,0
468667703442535396,147706,3162,573,0,0,0,0,10621,11934,63798,683806,0
886866568339155831,426541,0,0,808,0,0,0,0,9855,445260,39136,0
8733602798063566484,36529,1486,0,11609,192,0,0,20117,0,392962,458705,0
16031963964259191392,597579,493,537,0,0,0,0,2689,132476,44355,0,143471
4666184349776131081,207183,7852,319,0,0,0,0,4839,4231,282378,414798,0
9224462921060294257,78398,760,0,141,0,0,0,6663,1123,331438,101422,401655
5531373022943476926,196130,3805,1473,0,0,0,0,3456,1073,238682,476981,0
7052882684292661822,321799,0,0,4086,0,0,0,681,0,493057,101977,0
12797302122784285788,167588,1258,0,0,0,0,0,0,13362,283875,36850,418667
4105207542844419259,105239,6057,0,0,0,0,0,5796,4911,226293,573304,0
17462697021639515053,33723,1585,0,16920,171,0,0,15870,9689,394138,449504,0
10242665334804155502,12186,12646,3633,0,0,0,0,0,0,364978,528157,0
1830687936889241790,398080,2321,0,0,0,0,0,7625,2012,168767,342795,0
15948241923873741882,5168,881,239,0,0,0,0,0,0,597227,318085,0
10768442511370207328,7786,947,0,0,0,0,0,3050,0,727381,182436,0
14539088499793528572,469510,4004,229,10950,0,0,0,18568,16863,73656,327820,0
15597532409425089518,407669,0,0,0,0,0,0,0,0,468265,45666,0
3010018501445864454,9772,2475,0,13019,0,0,0,0,0,0,896334,0
13883310992637286090,241326,3079,0,0,0,0,0,13615,7131,90060,566389,0
15143026905417778275,150610,533,0,5803,0,0,0,1963,185471,481643,95577,0
14469850917467116489,183245,1186,179,18794,0,0,0,978,69999,395875,251344,0
18040892363675719739,10049,0,0,0,0,0,0,0,23530,647178,240843,0
15849769058523628891,278372,183,0,9136,0,0,0,1936,19048,526169,86756,0
2769780956805169234,175807,1695,0,0,0,0,0,38554,0,15366,690178,0
13165067728704770948,6492,0,0,0,0,0,0,0,0,871091,44017,0
11299420401615824467,60725,1377,0,9932,0,0,0,8221,133780,246356,461209,0
8210671805824505652,449077,796,0,0,0,0,0,244,50492,85185,0,335806
705344221548922125,121460,2486,3751,4320,0,0,0,9293,0,256692,523598,0
2943613752730510285,151196,0,0,7702,0,0,0,0,72330,690372,0,0
15050789177662334843,42835,8135,0,146274,0,0,0,3203,0,205023,516130,0
17824238131192524551,422577,1961,447,0,0,0,0,2508,98892,32344,0,362871
15363661417119888122,70969,2578,0,0,0,0,0,2872,0,61105,784076,0
14479062640334769331,190304,1223,1749,6838,0,0,0,7796,1063,402100,310527,0
1506918803007269561,2926,737,326,0,0,0,0,0,0,640828,276783,0
16285866167259657680,114573,21907,0,0,8114,0,0,0,104504,276681,345274,50547
17988000691974087390,917151,2759,1690,0,0,0,0,0,0,0,0,0
4113237541748422691,33919,7355,0,0,0,0,0,1760,0,1246,877320,0
5312239213277205442,100917,562,42,7446,0,0,0,0,144301,622672,45660,0
11217999735987482124,88846,498,92,6312,0,0,0,888,176910,602674,45380,0
4929903361970610464,118266,8155,0,0,0,0,0,0,50028,279202,465949,0
11243414044198951405,108660,21797,0,0,701,0,0,0,100365,272559,371410,46108
16099776478756056735,543149,949,0,0,0,0,0,14136,72932,120685,169749,0
4112691716919482704,405705,0,0,0,0,0,0,0,6011,467720,42164,0
18332916231833259006,129858,1119,0,357,0,0,0,8108,616,267354,99436,414752
16407191163245327718,171871,1128,0,12958,0,0,0,11588,160658,252328,311069,0
14275148803028559914,221038,0,0,890,0,0,0,6982,6963,464170,221557,0
14024796732354829704,105210,3498,0,0,0,0,0,9951,0,95622,707319,0
7272594837237151738,241051,3978,1293,233,0,0,0,2689,27477,269779,375100,0
14537823230235536782,2907,0,0,0,0,0,0,0,0,854237,64456,0
3390813726863184411,174254,751,0,6824,0,0,0,0,131622,394368,213781,0
17003786933452212910,220992,1675,484,3810,0,0,0,10087,25407,308905,350240,0
219208226947410435,610358,6840,0,0,0,0,0,21488,241055,41019,840,0
5154837042700215154,3554,2304,446,0,0,0,0,0,0,645050,270246,0
17245773686155480189,240390,0,0,10775,0,0,0,6652,0,410002,253781,0
2989656811285712418,51636,728,0,0,0,0,0,0,411290,232233,225713,0
13201914188635956939,482536,2233,0,0,0,0,0,19582,468,30747,386034,0
62315487069870637,162641,227,109,0,0,0,0,9859,10536,245518,40736,451974
15233617869370138178,55321,333,0,2732,0,0,0,8719,6637,382181,64488,401189
1184409064161825245,803029,22426,0,0,0,0,0,7994,72528,14048,1575,0
14214030621822687863,38253,209,0,0,0,0,0,0,85762,697251,100125,0
8170422642826468529,35305,914,0,0,0,0,0,0,16444,659647,209290,0
13553339303743950441,214794,685,974,8006,0,0,0,9063,11233,211670,465175,0
8265835489385247460,127683,652,152,0,0,0,0,6062,7364,590781,188906,0
16774144445586096897,281506,3908,1759,8095,0,0,0,13889,0,117436,495007,0
256915543720001161,98313,10477,0,0,0,0,0,0,42702,296083,474025,0
6381888236969970353,300467,10955,0,0,4492,0,0,420,0,602220,3046,0
11698561108703796820,191792,826,1166,3152,0,0,0,6156,3438,399570,315500,0
16159266503413934208,13358,2419,0,15607,324,0,0,3511,0,325679,560702,0
17354858289495470349,9863,10681,4233,0,0,0,0,0,0,325035,571788,0
9749394677207472296,366369,0,0,1088,0,0,0,207,0,514676,39260,0
667021095985659649,140632,429,0,6042,0,0,0,1276,179722,533217,60282,0
2487735690591812407,219627,3182,0,0,0,0,0,11836,3349,63294,620312,0
6505731143943123404,36506,1828,0,13370,179,0,0,19537,0,414307,435873,0
15392791817412355717,13499,1534,0,0,0,0,0,391,0,602872,303304,0
10536134137053835517,912443,9157,0,0,0,0,0,0,0,0,0,0
17120511908767696487,107100,13721,0,0,413,0,0,0,126172,272735,341284,60175
8178320837272709527,231758,3006,507,0,0,0,0,1163,0,256229,428937,0
694789543364614417,434171,2509,0,0,0,0,0,762,57392,97134,0,329632
15638321715704426221,7000,1192,0,0,0,0,0,650,0,749743,163015,0
2506383480557688499,196485,757,592,2936,0,0,0,7074,2921,387452,323383,0
15294538175453107318,186152,5018,0,0,0,0,0,9847,0,372079,348504,0
16721582987727532831,591434,263,403,0,0,0,0,3764,136092,41448,688,147508
17044289989856799009,287112,5510,0,0,12580,0,0,3634,6603,558621,47540,0
2701004315370922774,184676,290,0,0,2563,0,0,241,2162,311224,14528,405916
609221492314629032,343663,0,0,1258,0,0,0,168,0,534735,41776,0
9080726280888296121,37786,10095,1603,0,0,0,0,0,0,353652,518464,0
825346763454219780,196000,3639,0,0,0,0,0,9491,0,36202,676268,0
3933978293487164728,71354,0,0,0,0,0,0,550,24888,679283,145525,0
2329183049467958152,442263,0,0,0,0,2874,0,0,0,6767,0,469696
804991942172533432,25469,556,0,0,0,0,0,19498,2764,722734,150579,0
5439907590077053517,6756,3175,2208,0,0,0,0,0,0,546467,362994,0
7224530831972032793,19490,5285,0,0,0,0,0,360,0,551094,345371,0
6685201620487759955,920796,0,0,0,804,0,0,0,0,0,0,0
3794543568391124528,23155,1351,0,0,0,0,0,13657,13637,567893,301907,0
12331037746290168462,254286,7065,238,51677,0,0,0,11739,14035,218951,363609,0
9396300846728522177,56471,460,0,1891,0,0,0,10408,6793,361789,85598,398190
9001654398215915727,3344,0,0,0,0,0,0,0,0,836410,81846,0
5261385567604642759,120051,648,90,6213,0,0,0,1078,177103,560407,56010,0
3773295991320287504,173437,0,0,0,0,0,16929,0,103206,624156,0,3872
6186683772021701631,919275,0,0,0,1348,977,0,0,0,0,0,0
8488995294079842468,88540,348,146,0,0,0,0,1391,249039,415229,166907,0
13787795738125429420,205114,12974,0,0,0,0,0,0,4413,320475,378624,0
15816442144271757524,82489,3956,0,6838,0,0,0,9347,126490,263376,429104,0
11635629443426982286,202726,4717,948,0,0,0,0,5692,0,240343,467174,0
16946108665004921272,632105,23244,0,0,0,0,0,23323,239103,2244,1581,0
16912900175639018441,6300,4014,2217,0,0,0,0,0,0,584899,324170,0
9393386002875706029,193248,819,234,8641,0,0,0,13638,697,324380,379943,0
2291354825301642310,277542,0,0,22082,0,0,0,6271,0,409754,205951,0
18409785248149866899,77066,154,0,121,0,0,0,6995,693,331355,102764,402452
16334448228484806649,422151,0,0,0,0,0,9274,82092,43395,344247,0,20441
9429482219882891186,9665,15281,5855,0,0,0,0,0,0,498075,392724,0
4807777792439494368,12958,4439,2285,0,0,0,0,0,0,554365,347553,0
361009850506440089,61259,3820,0,0,0,0,0,3687,0,505262,347572,0
1423837940293007433,9553,10065,3452,0,0,0,0,0,0,472379,426151,0
17188623746839196193,664097,9049,0,0,0,0,56805,5896,114171,71582,0,0
8794508667264471469,74013,1594,1023,0,0,0,0,3647,9534,285293,127453,419043
15617895238726034340,143584,1633,0,1210,0,0,0,9507,1863,255720,97225,410858
8456494003577222325,127906,262,0,13979,0,0,0,532,127424,587290,64207,0
7682596807437363506,905165,3826,0,0,0,0,0,12609,0,0,0,0
1323450068796661634,74145,0,0,8013,0,0,0,1364,86505,751573,0,0
9251434329886023825,129068,1428,64,367,0,0,0,8806,1485,268992,100626,410764
14612705890207745237,6057,3392,1187,0,0,0,0,0,0,554157,356807,0
6666233922924855804,67030,5886,0,0,0,0,0,6328,0,114384,727972,0
9015890249972456042,227460,4060,0,0,0,0,0,2621,0,397436,290023,0
3789305745955266600,902231,1091,371,0,0,0,0,0,9886,8021,0,0
2751610968975659910,114295,475,120,0,0,0,0,1038,196117,428829,180726,0
10805202681994114703,61625,1393,0,13359,0,0,0,7900,131268,243935,462120,0
14195798012845331768,911374,10226,0,0,0,0,0,0,0,0,0,0
842114723261737387,221391,2509,599,0,0,0,0,14059,12685,132973,537384,0
9911585118205289541,7544,823,237,0,0,0,0,0,417378,191666,303952,0
5871897016276227742,322702,2310,2382,0,0,0,0,1377,29896,291487,271446,0
9247508413757729234,871931,7276,0,0,0,0,0,27882,6605,7895,11,0
10306511373893366731,21637,4100,1571,0,0,0,0,0,0,487865,406427,0
5699076172906321703,9578,0,0,0,0,0,0,3220,0,491192,417610,0
15804162225675384801,11155,10554,63,0,0,0,0,2852,0,601777,295199,0
11078500141033217018,111147,22113,0,0,429,0,0,0,116133,266238,352566,52974
611912665747204542,78132,3481,0,6086,0,0,0,9206,120344,257456,446895,0
12983189647799310531,103032,20542,0,0,1424,0,0,0,119360,256952,372477,47813
15458876101223422182,47970,0,0,0,0,0,0,26545,1240,609579,236266,0
424753787163772705,413784,1626,0,0,0,0,0,520,72704,95763,0,337203
9874620756202172207,817490,13483,0,0,0,0,0,6819,76918,6005,885,0
17676600416880246756,234098,4295,0,0,0,0,0,2342,0,394103,286762,0
2876235820232182790,12130,10879,5489,0,0,0,0,0,0,594328,298774,0
4958510500078331546,34025,1639,0,17160,169,0,0,14478,8088,384691,461350,0
14945575066112266321,121632,1820,0,0,0,0,0,13539,0,0,784609,0
13080120868267222938,441280,0,0,0,0,1974,0,0,0,9649,0,468697
14470013085430172903,81349,0,0,0,1131,0,0,35299,11302,309166,46017,437336
17830266055347647734,366085,0,0,0,0,0,12090,0,506452,36973,0,0
3281367624645276508,19275,1123,0,0,0,0,0,3966,0,639731,257505,0
10475727078906169513,39188,11481,0,70670,0,0,0,6565,0,173136,620560,0
3970059914302305899,244703,1887,889,0,0,0,0,7703,0,339022,327396,0
11678115472522884565,207501,4500,815,0,0,0,0,4849,0,256708,447227,0
8626919106335811260,23971,0,0,2512,0,0,0,0,1305,876114,17698,0
9204787878529628107,337983,0,0,2292,0,0,0,297,0,511758,69270,0
692731771145079725,183264,1145,0,14341,0,0,0,10948,167002,248072,296828,0
4446015701837666826,29852,898,181,0,0,0,0,0,105891,355656,429122,0
13257070966857182109,37043,1139,115,0,0,0,0,1627,73084,668121,140471,0
16918567785944776929,62000,0,0,0,0,0,0,866,27473,702431,128830,0
6112626601395371770,210556,738,164,417,0,0,0,2682,9078,505597,192368,0
10084799956394655609,20496,3153,0,0,0,0,0,758,0,593292,303901,0
6143492333315282877,107444,1254,269,7620,0,0,0,14728,1514,526377,262394,0
4567922168099504125,748417,23945,0,0,0,0,0,12777,112655,21465,2341,0
1580088864944383124,140802,0,0,0,0,0,0,0,18916,175525,586357,0
12609575921095989822,241617,1725,1487,0,0,0,0,3654,3297,203589,466231,0
970270411392862161,10578,3486,0,0,0,0,0,0,0,492343,415193,0
14136000840732541755,42910,0,0,0,0,0,0,13784,3540,446045,415321,0
7469474529495045061,8051,799,219,0,0,0,0,0,419361,190720,302450,0
11034645054276593416,812194,16635,0,0,0,0,0,7101,78535,6345,790,0
15943439350242826705,696058,0,0,0,0,0,10820,0,214722,0,0,0
5706426556863304555,29668,5886,1942,0,0,0,0,395,0,422513,461196,0
8143767864862167301,898387,405,0,0,0,11793,0,11015,0,0,0,0
5426385402093454993,162248,1364,0,12404,0,0,0,11020,167205,250243,317116,0
10336310008021883633,186217,759,150,358,0,0,0,4053,17913,520585,191565,0
7253502362668814879,6022,4325,2164,0,0,0,0,0,0,585613,323476,0
7985859643411065363,240586,128,315,0,0,0,0,12791,0,454271,213509,0
10482471169034963513,194970,4821,0,0,0,0,0,9162,2869,260682,449096,0
15915535943185623381,143129,452,125,4537,0,0,0,2195,19233,591962,159967,0
16117717981750949679,405693,3153,0,12182,0,0,0,30994,26710,255164,187704,0
18419583976057033136,143113,3980,0,0,0,0,0,15499,0,237421,521587,0
5437616916976059215,34958,5628,1909,0,0,0,0,599,0,360557,517949,0
7064975454876812311,479800,2559,0,0,0,0,0,30593,0,42529,366119,0
17996622379065122181,247842,655,445,0,0,0,0,4313,2416,199781,466148,0
15122967120777118148,6526,5990,2601,0,0,0,0,0,0,338014,568469,0
10756357836696331644,5635,3519,1608,0,0,0,0,0,0,523014,387824,0
6565464228970292871,918930,0,0,0,83,2587,0,0,0,0,0,0
4888954885337625780,152834,247,116,0,0,0,0,5252,10189,258329,42205,452428
11374398665886566317,40030,0,0,0,2083,0,0,0,0,879487,0,0
3123521601126667264,16596,10030,2111,0,0,0,0,0,0,330479,562384,0
11246374559655855196,303866,0,0,0,0,0,28194,0,101961,458264,0,29315
11492318584897802392,230471,1057,612,2769,0,0,0,8191,13026,316804,348670,0
6507047212201143684,317983,2304,2274,0,0,0,0,777,19834,310359,268069,0
1202109163688406819,140086,1006,104,0,0,0,0,2637,110837,442531,224399,0
1639081321752772370,100598,373,0,7613,0,0,0,1344,161952,619535,30185,0
7535909112528197741,191499,1856,192,0,0,0,0,4469,14452,337438,371694,0
5590411887390555641,12190,1207,0,0,0,0,0,265,0,499035,408903,0
7208335951016517235,362612,0,0,704,0,0,0,293,0,517512,40479,0
15725300737366598831,7915,10069,1972,0,0,0,0,0,0,528890,372754,0
16568081108131014074,100826,5585,1783,0,0,0,0,2732,0,116964,693710,0
11493434716163997996,5732,8628,3799,0,0,0,0,0,0,559383,344058,0
13280934050089943930,221240,4849,6268,11775,0,0,0,10795,0,170626,496047,0
8459071315082196712,908770,12830,0,0,0,0,0,0,0,0,0,0
17171386208591459805,184999,944,246,0,0,0,0,13653,0,379920,341838,0
6440289355233621649,253006,3214,0,0,0,0,0,15214,8617,107867,533682,0
13190210944673948199,204963,3577,4455,9873,0,0,0,11481,0,286833,400418,0
17337358527750075146,8837,4255,2132,0,0,0,0,0,0,585165,321211,0
7784648846559701848,36046,10866,0,35407,0,0,0,6694,0,160560,672027,0
3785149452428043014,396148,2724,0,13051,0,0,0,33204,65851,222207,188415,0
1514203568050808412,13212,13126,5293,0,0,0,0,0,0,580693,309276,0
13692767756218937462,77788,0,0,0,195,0,0,3381,1982,414989,14662,408603
14237037018328439074,216935,0,0,2069,0,0,0,7234,6986,466358,222018,0
2192087222175443480,192778,3691,820,0,0,0,0,4704,0,57758,661849,0
16074236703419635755,5235,4491,2180,0,0,0,0,2229,0,579335,328130,0
11562725430992816467,204846,485,288,2911,0,0,0,14315,0,474429,224326,0
10518649623377477005,199256,1495,96,9532,0,0,0,2754,35022,497744,175701,0
9016081210879471740,106229,20725,0,0,425,0,0,0,124802,262994,353559,52866
4690616107490263808,200966,4803,1052,0,0,0,0,3097,0,53492,658190,0
7466995998899606044,83300,435,83,0,0,0,0,1448,239825,434614,161895,0
16975359915160980526,192318,1123,718,12371,0,0,0,12042,9498,250265,443265,0
8927738229600327538,422252,2613,330,0,0,0,0,2063,97458,31399,0,365485
8820688856910199595,269567,6365,0,0,0,0,16568,0,615667,13433,0,0
14811333653133280821,834202,4225,0,0,0,0,0,22734,32564,27428,447,0
4578145752006919799,913840,0,0,0,0,7760,0,0,0,0,0,0
4833419456096407485,175718,117,189,13244,0,0,0,3604,25335,542360,161033,0
1640061290881455486,174531,2750,504,0,0,0,0,17099,6309,100344,620063,0
11100966859069444291,912449,8513,0,0,0,0,0,638,0,0,0,0
18210438813455148110,716287,40,0,0,0,0,44574,20436,39280,100983,0,0
363702325510837166,7819,5533,923,0,0,0,0,0,0,260199,647126,0
16186074485557840978,35591,1239,1040,0,0,0,0,0,0,678996,204734,0
7755741393383012221,308671,650,0,13669,0,0,0,1120,51223,445293,100974,0
4480692321883610477,98579,12815,0,0,1496,0,0,0,135061,244765,382412,46472
10662989970849518873,6610,525,2327,0,0,0,0,0,0,346246,565892,0
4375185657086891896,920590,0,0,0,1010,0,0,0,0,0,0,0
754656795991677790,21129,2000,0,0,0,0,0,0,0,507245,391226,0
13232656890039698872,902071,620,0,0,0,18909,0,0,0,0,0,0
1802113137691341726,181912,2554,2944,8678,0,0,0,11893,0,353796,359823,0
17571961338055904308,212033,7794,2013,0,0,0,0,451,1341,106072,591896,0
12573005374095742487,221101,10216,450,6580,0,0,0,8396,10760,295833,368264,0
4862749460869001676,25468,5179,2615,0,0,0,0,0,0,84890,803448,0
8487802504981033790,19249,594,0,0,0,0,0,0,23373,606711,271673,0
1388473780566419421,89099,3002,0,0,0,0,0,1443,0,0,828056,0
12620560318230596214,903590,3040,0,0,0,0,0,14970,0,0,0,0
10056460102671532115,23097,229,70,0,0,0,0,0,992,833996,63216,0
16348893486955838155,20087,4069,2016,0,0,0,0,0,0,599903,295525,0
10128616360973218654,165227,0,0,0,1347,0,0,752,15455,227328,60813,450678
8062123671151004475,16064,4425,2401,0,0,0,0,0,0,507171,391539,0
5277240176693473632,7046,20101,2277,0,0,0,0,0,0,32260,859916,0
16906560398154460263,249423,3381,525,11469,0,0,0,10336,4603,171560,470303,0
12777487760170484796,127887,2168,0,9957,0,0,0,8552,150966,259853,362217,0
5747990736762747,1945,34892,3182,0,0,0,0,0,0,39928,841653,0
18273922468678266995,203092,4185,0,0,0,0,0,9419,2725,260898,441281,0
15458322071880038961,80602,4693,1427,0,0,0,0,4227,0,246234,584417,0
5368662136571660399,12998,13691,1710,0,0,0,0,0,0,507640,385561,0
12322300221778411806,448439,2463,0,0,0,0,0,41397,0,62535,366766,0
2408445080222653288,334145,0,0,0,0,0,12815,58783,486530,29327,0,0
10767818223219656370,135338,1119,0,0,0,0,0,8982,1379,291840,67621,415321
3083332290204219431,611782,0,0,0,0,0,27781,14215,88139,179683,0,0
18294752017157366795,179628,1168,178,19408,0,0,0,963,72086,398392,249777,0
3444918934044177940,364246,0,0,1123,0,0,0,161,0,517937,38133,0
3481371138197900395,71483,4318,0,0,0,0,0,2977,0,52228,790594,0
5659821744448017138,66807,7302,0,46142,0,0,0,5187,0,74962,721200,0
15014699568467016340,7009,4637,1982,0,0,0,0,0,0,54220,853752,0
5586131146599473821,12816,2122,0,0,0,0,0,595,0,556108,349959,0
12705854121638553714,205624,2392,377,0,0,0,0,6851,6775,319219,380362,0
16637029836905745616,162721,186,0,13704,0,0,0,377,108175,561864,74573,0
12900325207421115598,916282,2982,2336,0,0,0,0,0,0,0,0,0
18102797313408292229,4383,1206,826,0,0,0,0,0,0,700900,214285,0
14746934902277713627,385473,1336,0,0,0,0,0,10610,2165,39016,483000,0
14071072313745828856,96185,1113,0,4131,0,0,0,7205,1476,327453,74169,409868
814175294380759439,87560,344,129,0,0,0,0,1430,236424,437616,158097,0
4041690966775329746,210910,9250,986,0,0,0,0,5652,1398,229889,463515,0
3904582815461432169,34837,6226,0,0,1687,0,0,0,0,878850,0,0
16967784380283799109,75699,8561,0,0,0,0,0,2473,0,79599,755268,0
2831871842964514151,338923,0,0,1096,0,0,0,395,7220,532221,41745,0
5693082825320630984,19527,0,0,0,0,0,0,0,32657,601262,268154,0
3881446064530255815,107788,5140,0,0,0,0,0,5785,6245,365712,430930,0
12378875764482869076,373566,4873,0,0,1022,0,0,5647,151320,50532,0,334640
12310882289807353695,5782,1066,0,0,0,0,0,0,0,617130,297622,0
7211878820344003891,108912,13219,0,0,365,0,0,0,131226,263773,345693,58412
4526591625549884101,74881,16383,0,0,0,0,0,0,3905,295673,530758,0
2925368302576164562,44815,828,0,0,0,0,0,10739,0,471365,393853,0
196534143991321267,296987,1763,2041,0,0,0,0,0,8635,369676,242498,0
7170954801865985379,26110,417,0,0,0,0,0,8035,2790,744152,140096,0
1211998246551661794,124603,6699,10810,2912,0,0,0,8936,0,179240,588400,0
546554501200843608,192205,223,94,9515,0,0,0,3184,12276,504889,199214,0
4868974503364837453,125844,2078,2832,210,0,0,0,7355,1395,245449,132054,404383
13757715299898443399,165722,638,71,3663,0,0,0,1446,14805,571857,163398,0
12559632577618501786,43161,602,0,1980,0,0,0,8654,6578,362054,98550,400021
15507101762549755377,432714,3309,0,0,0,0,0,28176,172619,132445,152337,0
3665916994727894679,836032,1817,3034,1050,0,0,0,2427,24725,48801,3714,0
10034701355458161374,142636,990,0,11493,0,0,0,10373,166004,253119,336985,0
14157150987876435157,55738,1361,355,6403,0,0,0,17766,658,514311,325008,0
14453242490429430645,381629,0,0,0,0,0,7517,12196,331834,162852,0,25572
16472003381815097179,108670,1542,238,7935,0,0,0,10351,5087,572724,215053,0
17423818602290427937,5604,4811,568,0,0,0,0,0,0,261347,649270,0
3883497682974355288,224706,1778,511,0,0,0,0,10682,17430,342094,324399,0
4230599930258660259,11408,11617,2999,0,0,0,0,0,0,518809,376767,0
9298176423949979630,204296,355,104,7665,0,0,0,13132,19012,500539,176497,0
11742705014045574459,202037,3894,0,0,0,0,0,9219,1366,41850,663234,0
8517755502285399429,125265,0,0,0,0,0,0,0,16129,145330,634876,0
13942983147146993161,7894,4382,2090,0,0,0,0,380,0,584256,322598,0
15522451417073347050,161694,827,108,6164,0,0,0,1134,204020,372460,175193,0
4525410663521352849,27427,411,0,0,0,0,0,5803,8690,744092,135177,0
14914111100978057682,141916,2651,4327,446,0,0,0,9798,4595,204959,552908,0
5537075733082245238,40213,11349,0,97229,0,0,0,6740,0,180749,585320,0
8775573793841925724,249265,555,359,0,0,0,0,4534,2717,196173,467997,0
6535486126964616835,9216,1681,0,0,0,0,0,0,0,540301,370402,0
14478927261783177273,149260,11397,0,0,0,0,0,0,7132,344853,408958,0
1513777541699915970,28889,5946,2016,0,0,0,0,247,0,471043,413459,0
12186091637235754298,10752,0,0,0,0,0,0,171,0,778108,132569,0
18294685182522193285,245335,257,0,7187,0,0,0,1295,61310,516580,89636,0
17690121051886059332,3916,4922,870,0,0,0,0,0,0,349074,562818,0
9390148902175130073,28303,12819,0,0,0,0,0,0,3088,109799,767591,0
15570275905045009701,70568,8657,0,480,0,0,0,2317,0,71667,767911,0
861042075772351148,407302,1763,288,1151,0,0,0,17146,149272,281517,63161,0
5454414025870033644,456281,0,0,0,160,0,0,1399,36722,81744,0,345294
15732834945423167468,774756,8803,0,0,0,0,0,18161,118665,1065,150,0
14305632646141746921,145364,2975,1486,0,0,0,0,0,0,423001,348774,0
2643498749595270240,248198,536,401,0,0,0,0,3876,2544,198373,467672,0
17478333997764176162,174707,1465,0,0,0,0,0,0,13232,279379,35741,417076
3452085392185048708,11710,2101,747,0,0,0,0,5502,0,536258,365282,0
2616087171702092083,33951,1339,0,17016,190,0,0,12404,8063,386453,462184,0
12284410081245398558,197993,875,420,40263,0,0,0,8602,3490,385201,284756,0
12787544776932184496,16631,3733,1435,0,0,0,0,0,0,477157,422644,0
16393225677418804305,16210,2362,0,0,0,0,0,2971,0,575274,324783,0
15024823816928780513,370125,2478,0,0,0,0,0,6014,4595,0,538388,0
12028043863387315929,187235,827,274,0,0,0,0,1691,21414,324458,385701,0
5550350517008248556,88197,0,0,0,670,0,0,6243,13059,374410,0,439021
17729077371854074899,198076,1372,791,7393,0,0,0,13236,10105,265017,425610,0
18348265216767086780,214733,14950,3642,0,0,0,0,4300,530,234289,449156,0
6428933862222283799,6068,5956,3204,0,0,0,0,0,0,0,906372,0
8846762954078897631,106245,12757,0,0,889,0,0,0,151803,242946,345205,61755
681299423853362234,124650,15642,0,0,0,0,0,1716,787,88478,690327,0
13761674305823005859,441750,2083,0,9768,0,0,0,25086,81109,207879,153925,0
16480705929931036806,260629,4541,1775,0,0,0,0,2909,17431,98938,535377,0
10595525119081236866,321037,1161,0,0,0,0,0,13523,3749,7514,574616,0
16776739012545938506,34004,1550,0,17238,187,0,0,13709,6018,381793,467101,0
13040276497483783206,13870,817,208,0,0,0,0,0,369047,216979,320679,0
18107773262113462292,9049,16407,2119,0,0,0,0,0,0,390312,503713,0
9200560742973554379,248270,0,295,7030,0,0,0,978,64428,509459,91140,0
13709418643669145046,180496,1370,0,0,0,0,0,0,14694,269114,33483,422443
3411283134482760468,6167,7697,1025,0,0,0,0,0,0,716908,189803,0
3984297108000898829,7734,4732,2334,0,0,0,0,0,0,579934,326866,0
2322425632173465311,78860,766,0,206,0,0,0,5220,798,346852,84931,403967
4353340198087928688,16104,920,0,0,0,0,0,2763,0,678093,223720,0
16224303987435773920,538700,937,0,0,0,0,0,14204,73179,125288,169292,0
6755599250740472973,915958,0,0,0,0,5642,0,0,0,0,0,0
14975797967628934123,267465,10271,0,0,0,0,0,28671,488831,40019,0,86343
12254674860804175388,61527,19456,0,0,0,0,0,0,4536,235955,600126,0
2501620904942221418,100768,4251,0,0,0,0,0,4422,5570,356037,450552,0
6549380159740124189,6197,5007,2312,0,0,0,0,0,0,573413,334671,0
3524547641172341019,893382,20075,0,0,0,0,0,0,8079,0,64,0
10553810828799731487,117263,9296,0,0,0,0,0,1424,0,365741,427876,0
12087558539825308363,690904,0,0,0,0,0,32493,0,198203,0,0,0
16469245426670165404,6811,4589,2132,0,0,0,0,2427,0,572755,332886,0
13387553767579244607,193873,2089,0,0,0,0,0,0,13571,246527,49186,416354
15731307064305979325,137160,1280,0,10702,0,0,0,8952,152132,260346,351028,0
9952684265502224653,169314,1218,0,24444,0,0,57596,12711,424440,163043,7828,61006
14686376860674270156,40607,1140,1046,0,0,0,0,0,0,682587,196220,0
15758872543590403820,902702,0,0,0,18898,0,0,0,0,0,0,0
17384373640365890267,45699,482,0,1942,0,0,0,11637,6456,359561,95268,400555
10170168169782848403,175019,460,75,1668,0,0,0,868,6508,571630,165372,0
8354139878339409714,177046,0,0,0,0,0,57481,0,152963,529105,0,5005
392355668889479137,7008,7455,2211,0,0,0,0,0,0,585622,319304,0
14297372856313550996,181687,3614,5931,12912,0,0,0,13679,0,174830,528947,0
5818023059573036988,218424,3740,0,0,0,0,0,18707,0,256096,424633,0
12620061530851198721,105472,439,85,0,0,0,0,1345,222278,434480,157501,0
9231417090891552606,22635,944,0,0,0,0,0,0,15220,675775,207026,0
3926581287077447173,876583,622,561,0,0,0,0,0,37899,5935,0,0
10283407200477528150,290063,542,0,12697,0,0,0,1751,25479,501346,89722,0
4449017559207193199,901281,495,0,0,0,19824,0,0,0,0,0,0
18231618151558915640,796445,1696,0,0,0,0,99253,2534,19245,2427,0,0
15114000782531962557,222234,12640,2174,12308,0,0,0,11497,3186,240805,416756,0
2245844356519084722,186952,2443,545,0,0,0,0,10387,13094,87202,620977,0
10420373631994282979,337,19396,10751,0,0,0,0,0,0,490375,400741,0
10631071432966605057,5224,3140,2066,0,0,0,0,0,0,667340,243830,0
5076827824617008480,57818,680,0,0,0,0,0,0,14773,649676,198653,0
8697118948247109360,80460,2280,0,0,0,0,0,6686,0,438338,393836,0
14393638660136207666,591498,947,0,0,0,0,0,14160,65352,136234,113409,0
14809297529422955602,899337,0,0,0,22263,0,0,0,0,0,0,0
12431293811311601308,123898,11459,13240,0,0,0,0,7708,0,149890,615405,0
8626981391432756412,26360,568,0,0,0,0,0,14517,2852,731641,145662,0
8874107921619121971,8776,5528,3065,0,0,0,0,0,0,512345,391886,0
6039753233577812806,181115,1843,377,0,0,0,0,6943,1168,360860,369294,0
15478200071017185003,4821,1025,268,0,0,0,0,0,0,595500,319986,0
9876637483189561498,108411,18653,0,0,4496,0,0,0,123012,264084,349617,53327
7909302268987254561,439184,4601,0,0,0,0,0,11617,3591,120643,341964,0
6541938255921393503,6682,13451,3823,0,0,0,0,0,0,0,897644,0
6725179599129254276,10787,0,0,0,0,0,0,0,2678,864115,44020,0
3882646622888967567,182070,1046,0,0,0,0,0,0,14697,268203,37184,418400
15578365962553250009,126437,1436,0,1502,0,0,0,8290,3858,292521,75137,412419
4712582023055976366,191964,760,1260,2585,0,0,0,5366,3000,402544,314121,0
7655386616098994196,193142,874,1354,1744,0,0,0,5609,2863,401242,314772,0
10458849882286820131,219682,2324,0,0,0,0,0,23072,0,253193,423329,0
16657074074193177099,59599,2003,0,20983,0,0,0,8822,124184,245679,460330,0
11114339018671136279,70180,4909,1445,0,0,0,0,5237,0,304421,535408,0
9464354099902763517,120809,4502,0,0,0,0,0,23594,0,110764,661931,0
11338098773237743237,92966,3556,0,7841,0,0,0,8685,132755,268251,407546,0
6094683008692291021,19050,796,0,0,0,0,0,0,240900,291319,369535,0
15054386715540535933,58772,16427,0,0,0,0,0,3130,0,20120,823151,0
10318131938049166526,8893,4768,54,0,0,0,0,3707,0,589323,314855,0
8763762617272459988,213637,0,0,2179,0,0,0,6551,15864,306360,377009,0
5401915050264636928,194444,803,563,10006,0,0,0,7260,3092,390860,314572,0
8554239456719682433,6671,3723,2787,0,0,0,0,0,0,529512,378907,0
1965423127976195156,128529,5841,0,0,0,0,0,832,0,235762,550636,0
4493802271563317357,103403,1165,0,2481,0,0,0,7274,2387,319829,78331,406730
9935342050956165343,7309,12644,3060,0,0,0,0,0,0,386462,512125,0
9402216011782747671,113704,19270,0,0,1019,0,0,0,123578,260525,348313,55191
5741473062504466742,19960,5157,1733,0,0,0,0,0,0,510301,384449,0
15655647274084769910,236185,0,0,0,0,0,0,0,33815,307198,344402,0
17820599319247461780,45905,0,0,0,0,0,0,0,71437,691849,112409,0
8836495661734523416,21933,2599,0,0,1612,0,0,0,0,895456,0,0
10471080189865088907,407691,2199,126,1063,0,0,0,25298,154818,281267,49138,0
7300248492517750044,193792,1727,1318,12877,0,0,0,12805,10416,256674,431991,0
225516857359137977,11467,2468,0,0,0,0,0,0,0,488561,419104,0
10312601692560389292,193700,173,59,0,0,0,0,39,12952,228138,37127,449412
3414799180722390810,391122,3091,0,0,0,0,0,0,131372,54873,0,341142
13002581546063157269,888761,2939,1323,0,0,0,0,28577,0,0,0,0
13701706385213083370,912155,9445,0,0,0,0,0,0,0,0,0,0
16267550403570766814,263525,2678,0,0,0,0,0,21602,0,9560,624235,0
13630314112869504935,326639,1844,2562,0,0,0,0,0,6474,335453,248628,0
14737914618330968590,29232,1248,0,0,0,0,0,4330,1594,182151,703045,0
3655386601943737573,160787,1091,982,12691,0,0,0,12748,3597,178843,550861,0
10693935720611251430,117670,2003,0,9195,0,0,0,8617,147566,262550,373999,0
8105343089021961411,5839,6228,1571,0,0,0,0,0,0,651907,256055,0
6448039391866718593,54885,1100,0,0,0,0,0,0,10048,618855,236712,0
6558907174290730244,45376,2823,0,0,0,0,0,2310,0,10258,860833,0
15404609854068468158,7846,3515,1715,0,0,0,0,0,0,640944,267580,0
11236505542848234363,72553,0,0,0,0,0,0,5268,6576,214129,180021,443053
12043723861404422932,35469,4681,0,0,0,0,0,1657,0,549295,330498,0
7690174311545339591,218788,0,0,5089,0,0,0,2869,0,407160,287694,0
7424559171627356636,610331,0,0,0,0,0,31097,16523,85580,178069,0,0
14976864908417806624,174326,0,0,0,0,0,3869,0,84176,658310,0,919
4204433861432270255,362517,2601,0,0,0,0,0,6219,5063,842,544358,0
3551775718107122843,371894,17578,1844,0,2352,0,0,15377,73387,188022,251146,0
15704545173194932114,24572,13371,1220,0,0,0,0,0,0,488490,393947,0
3300719383746299837,180875,11195,0,0,0,0,0,0,6202,329136,394192,0
8488401083060243693,9441,2989,772,0,0,0,0,0,0,659905,248493,0
6128375569897922057,299653,1828,1758,0,0,0,0,0,8087,362018,248256,0
8447288297366167655,870137,5430,0,0,0,0,0,23429,10105,12408,91,0
3400431991933478223,72439,2698,0,0,0,0,0,6526,0,450516,389421,0
17172501526020753224,11189,4384,1245,0,0,0,0,420,0,394042,510320,0
5448237745132577278,385080,1377,0,0,0,0,0,11212,2089,25661,496181,0
14019931904176715896,134907,4029,5651,0,0,0,0,8967,0,242603,525443,0
1484927918861350655,110281,19114,0,0,2424,0,0,0,120816,264572,352393,52000
12335902963869997160,33275,1632,0,17241,185,0,0,13731,7954,382676,464906,0
1879916069548088294,64016,0,0,0,0,0,0,633,25324,687919,143708,0
3058003118740755422,126364,1206,0,334,0,0,0,7711,870,269781,100944,414390
10698144144948581420,221028,750,1168,9183,0,0,0,9704,14363,162990,502414,0
10877315560350236706,101511,21325,0,0,2281,0,0,0,106620,272995,366376,50492
17028383996147220902,318639,23322,0,0,0,0,0,39928,242920,43851,77,252863
12549079103310200490,919594,1074,932,0,0,0,0,0,0,0,0,0
17685312631377268017,244093,0,0,1437,0,0,0,6320,0,412298,257452,0
18328189781108905339,443869,0,0,0,0,5853,0,0,0,6375,0,465503
10985160311554524168,104388,525,159,0,0,0,0,1138,220162,405443,189785,0
16592802927459833155,194082,212,0,6701,0,0,0,941,1867,668022,49775,0
5092289703175042353,307312,595,0,13388,0,0,0,1580,37811,465621,95293,0
13732572134498321296,259210,6206,356,43409,0,0,0,9907,10549,223495,368468,0
1132763156359098799,921259,0,0,0,341,0,0,0,0,0,0,0
2138640836273235629,224581,5146,0,0,0,0,0,2570,0,225109,464194,0
8512399830744403644,35067,709,0,0,0,0,0,0,16974,585208,283642,0
16154808849813413158,101302,19206,0,0,466,0,0,0,119014,258406,374979,48227
12099124969996000964,227642,0,0,3103,0,0,0,6028,0,429299,255528,0
12180532909584443170,174726,256,104,6256,0,0,0,3626,7953,527697,200982,0
6960637327871407614,920384,0,0,0,1216,0,0,0,0,0,0,0
5943183652356766451,211651,8802,697,0,0,0,0,5805,1559,236103,456983,0
12755571193643798546,459872,2392,0,0,0,0,0,8511,4427,146014,300384,0
6964705143034836330,38482,195,0,396,447,0,0,7157,2422,416975,41300,414226
11185954165271968559,102617,21357,0,0,3921,0,0,0,113178,259408,374492,46627
14985607024283870894,216772,2520,0,0,0,0,0,24077,0,253910,424321,0
16141798881628445261,140758,2349,0,0,0,0,0,17807,0,96383,664303,0
7442400343830426978,227590,740,696,2630,0,0,0,7781,14538,321879,345746,0
15683324321494856547,121985,2492,3529,228,0,0,0,7810,1322,243140,137955,403139
11687859413956588832,136787,4482,0,0,0,0,0,9551,0,362080,408700,0
14950383042883884037,53871,915,0,0,0,0,0,0,8142,657736,200936,0
442360582366688459,106788,13316,0,0,1563,0,0,0,142923,243966,355332,57712
2299735422577179299,28472,2133,0,0,0,0,0,2727,0,444061,444207,0
15641646236531906622,228592,0,0,4021,0,0,0,6567,0,426355,256065,0
11286017933637284818,114250,5898,0,0,0,0,0,4489,5013,248449,543501,0
2524777635307478526,921529,0,0,0,71,0,0,0,0,0,0,0
12917776338282701249,118598,4453,0,0,0,0,0,23427,0,106705,668417,0
10278113267196501966,5309,8123,973,0,0,0,0,0,0,708309,198886,0
9437278768815960075,302663,2272,2542,0,0,0,0,1389,33094,303059,276581,0
5299876180611600261,186474,1265,0,0,0,0,0,9613,4959,0,719289,0
10068658462201421253,151584,1165,0,11505,0,0,0,9945,166470,253009,327922,0
14338599085536812096,269247,10623,0,0,0,0,0,34226,504814,25264,25,77401
5696380139291274805,7774,13450,3447,0,0,0,0,0,0,507923,389006,0
1129507680009955549,61942,13114,0,0,0,0,0,2460,0,8707,835377,0
15340115785035529225,386971,2343,0,11281,0,0,0,30413,128068,184505,178019,0
3528637533517507430,256161,180,0,0,0,0,0,1470,15466,568666,79657,0
2751263201169802903,218589,2767,677,0,0,0,0,5689,15281,341628,336969,0
15455039724947025996,783510,21492,0,0,0,0,0,11662,84434,19157,1345,0
7039025129510709403,8695,3957,1583,0,0,0,0,0,0,542087,365278,0
12834309730267885312,218828,9636,0,0,0,0,0,0,0,233437,459699,0
2778140720243098741,906253,1601,0,0,0,13746,0,0,0,0,0,0
1335802119386644609,9048,11386,3420,0,0,0,0,0,0,407628,490118,0
17446325025894774356,873489,6053,0,0,0,0,0,22584,8681,10598,195,0
9326654427034819367,202146,4317,978,0,0,0,0,4244,0,241165,468750,0
18237777484368525727,10509,44414,4869,0,0,0,0,0,0,299916,561892,0
15392423033620348170,17912,6331,1489,0,0,0,0,0,0,578929,316939,0
14366679004947480702,805673,0,0,0,0,1871,0,1644,0,13513,0,98899
15344670714433956622,257604,1677,0,11828,0,0,0,10800,17485,174056,448150,0
8855796613301181443,239380,325,97,0,0,0,0,4069,2193,465293,210243,0
9166378520143922798,122295,4181,0,0,0,0,0,8023,2213,365702,419186,0
1461699196221936164,909434,12166,0,0,0,0,0,0,0,0,0,0
9423428488242469971,459611,2367,0,0,0,0,0,10005,3240,17868,428509,0
7596636898329600200,921265,0,0,0,335,0,0,0,0,0,0,0
9846965279567593976,921232,0,0,0,368,0,0,0,0,0,0,0
8997503232571645656,101448,10775,0,47726,0,0,0,4867,0,0,756784,0
8413667147306870290,89843,3756,0,7522,0,0,0,10068,131755,265333,413323,0
14052559293328317208,366520,0,0,1041,0,0,0,122,0,517667,36250,0
11156688332191204127,225767,452,350,612,0,0,0,2924,10979,479729,200787,0
6048672379620343379,124555,1457,84,381,0,0,0,7738,1129,280824,99758,405674
7018027738806498233,26920,6036,2016,0,0,0,0,105,0,503768,382755,0
630966937780501088,78897,974,0,322,0,0,0,6286,1323,343720,81884,408194
4874510013203979414,165392,0,0,0,0,0,22640,49393,350353,332711,0,1111
15344646523075096540,59747,3111,416,0,0,0,0,0,0,401275,457051,0
17498547069606860305,422497,0,0,236,0,0,0,0,8931,450063,39873,0
5135246704787315742,149735,1683,0,0,0,0,0,11504,426,261444,84287,412521
12528950493520565905,6665,4936,674,0,0,0,0,0,0,249077,660248,0
7183553355278606412,22301,3356,1383,0,0,0,0,0,0,473082,421478,0
5535144346560707254,133547,7568,0,0,0,0,0,0,53097,249621,477767,0
17815013564661878299,230439,3907,0,0,0,0,0,3007,0,391341,292906,0
11846852431999222237,7408,1043,0,0,0,0,0,438,0,663721,248990,0
13472053400746735129,220454,416,247,1879,0,0,0,654,906,523564,173480,0
188139606161822165,250356,8972,0,0,0,0,0,33404,486231,33569,0,109068
6760466754352055696,436793,2890,0,0,0,0,0,7062,2771,10043,462041,0
16959459183200873917,12404,1081,387,0,0,0,0,2413,0,672049,233266,0
4824259793389259280,328966,0,0,7662,0,0,0,1764,0,217842,365366,0
12768445745318463681,297053,4446,0,0,2026,0,0,7831,18489,512617,79138,0
6351144394054872496,155361,1138,98,1611,0,0,0,2775,88034,438630,233953,0
2242729575225077831,208752,492,835,3887,0,0,0,7845,9055,254836,435898,0
9949380736406667469,5361,16559,2137,0,0,0,0,0,0,33083,864460,0
14045499315997237524,235289,1371,337,1270,0,0,0,3400,20074,215765,444094,0
558528032335564811,11694,3874,127,0,0,0,0,842,0,571135,333928,0
1916028424070594560,405112,2425,2358,0,0,0,0,0,11743,226137,273825,0
3953278916042790332,136980,1663,0,1281,0,0,0,8825,2889,277573,79857,412532
14506051603799654149,352908,2232,0,0,0,0,0,33565,0,38934,493961,0
12592868654096756982,143242,5754,0,0,0,0,0,2633,43308,298242,428421,0
12872993370145219066,167258,3289,4897,13014,0,0,0,12140,3599,187576,529827,0
1677325701678041685,187224,1742,2223,8182,0,0,0,8257,412,371483,342077,0
7309729681057214258,890071,1068,0,0,0,30461,0,0,0,0,0,0
14652342528123747940,16976,1075,0,0,0,0,0,1297,0,362301,539951,0
1479355700075648315,34039,3988,0,0,0,0,0,625,0,482447,400501,0
10867601690216522713,61460,1457,0,11845,0,0,0,7936,130464,245320,463118,0
1326005394881772158,214491,216,0,6447,0,0,0,875,6101,625914,67556,0
12192708913345900636,58837,835,0,0,0,0,0,16170,10503,529941,305314,0
6135173236296804098,36586,1051,0,0,0,0,0,11343,15048,409851,447721,0
10658709883441833666,251477,502,77,6311,0,0,0,1348,24776,550554,86555,0
4376735585474119733,200092,229,83,5929,0,0,0,2556,8390,507113,197208,0
3583315996633062423,5839,6228,1571,0,0,0,0,0,0,651907,256055,0
8838596089287095910,206522,2793,0,0,0,0,0,13635,0,1246,697404,0
12571732621871016433,119985,0,0,6844,0,0,0,623,0,760257,33891,0
5589806435409798080,106248,21575,0,0,1392,0,0,0,97923,266557,384239,43666
10410941162518443751,122786,4085,5167,0,0,0,0,11771,5430,297122,475239,0
17478554714968147208,232854,5342,1778,1337,0,0,0,2152,23107,292267,362763,0
9716747749476397686,243935,571,63,15779,0,0,0,864,75494,482534,102360,0
15499068900157423859,96217,0,0,6963,0,0,0,518,0,790603,27299,0
13387663106480505239,164816,332,29,5892,0,0,0,1901,193315,456713,98602,0
4716491515610252547,86074,4439,0,0,0,0,0,5227,0,72898,752962,0
8435722751652918341,911275,10325,0,0,0,0,0,0,0,0,0,0
14482128536632031203,182649,9039,681,0,0,0,0,28587,494993,85603,1975,118073
9486335711423346734,166588,1744,0,25395,0,0,53220,8278,432761,166269,7598,59747
1363720886315936240,241809,4381,906,10094,0,0,0,22476,10039,147461,484434,0
14401782931810505720,58795,1440,0,14635,0,0,0,8258,126916,246348,465208,0
9968885446569436202,73955,15561,0,0,0,0,0,10279,3719,293101,524985,0
5224188627817910892,79468,2295,0,0,0,0,0,7324,0,436931,395582,0
2087130243055272255,264473,3216,0,0,0,0,0,2424,0,217405,434082,0
14156912929534946198,156565,7336,4649,842,0,0,0,5790,12706,144785,588927,0
667297056129017850,292202,2238,2420,0,0,0,0,1347,11467,335452,276474,0
10410243838259707599,187438,95,0,126,227,0,0,1882,5822,289143,39260,397607
6599302745766276118,125617,4604,0,0,0,0,0,23676,0,115908,651795,0
4292473708811493047,59837,0,0,524,0,0,0,4514,9914,392394,52494,401923
2549750931364169923,75922,0,0,0,0,0,0,0,164849,561239,119590,0
18019951091362365747,166918,8732,0,0,0,0,0,2106,0,228268,515576,0
824267298301107060,24669,0,0,10732,0,0,0,1308,120482,725525,38884,0
9345738656116700696,189034,0,0,0,550,0,0,901,1118,301825,26332,401840
10125178128659440683,912844,769,1183,0,0,0,0,0,6804,0,0,0
1761535391915254486,195480,917,244,12502,0,0,0,7526,3163,386591,315177,0
12710236979888213504,59059,1456,0,17269,0,0,0,8161,125096,246308,464251,0
6592000546814488542,5694,2349,770,0,0,0,0,0,0,716492,196295,0
10214268591228665385,11049,10536,2888,0,0,0,0,0,0,522301,374826,0
6474636969513615162,112627,4464,0,0,0,0,0,0,0,371009,433500,0
8631232568667473751,68952,4978,1821,16705,0,0,0,6958,0,128987,693199,0
2247296692369490103,7016,5375,2564,0,0,0,0,0,0,340299,566346,0
2078354433595737306,95599,843,0,0,0,0,0,21368,5535,596132,202123,0
12074279300854536757,188577,3917,445,0,0,0,0,6034,0,565647,156980,0
14387524118248384149,146248,256,169,0,0,0,0,12138,9655,256551,43515,453068
17212279466135196434,163435,1353,327,8291,0,0,0,13469,0,504085,230640,0
10817861733278454240,217912,1683,564,0,0,0,0,15393,25134,325436,335478,0
4245442930409072327,28249,408,0,0,0,0,0,1692,10519,745936,134796,0
4158578655165217156,437623,3335,0,0,0,0,0,20891,233374,96065,130312,0
2627820526020257657,9194,1188,0,0,0,0,0,214,0,712152,198852,0
8185962081828841625,846119,817,0,0,0,74664,0,0,0,0,0,0
1082985163778216102,596364,1876,0,0,0,0,0,21699,121576,65920,114165,0
11078570555419266825,13485,4719,2392,0,0,0,0,0,0,339275,561729,0
13855328690138935209,4709,1503,0,0,0,0,0,0,0,707836,207552,0
2265038529008843835,109615,0,0,8122,0,0,0,524,72092,731247,0,0
17212417755758625025,24652,903,0,0,0,0,0,16192,15668,584882,279303,0
6131595700602303537,78568,323,332,0,0,0,0,4867,7304,215074,173543,441589
15391881464201161382,194289,206,0,6557,0,0,0,1284,4181,656659,58424,0
17979548178277019998,128663,0,0,0,0,0,0,1169,46624,626683,118461,0
600690716368044213,113763,22197,0,0,698,0,0,0,113095,267074,353553,51220
11300603017893569823,144577,4930,2309,0,0,0,0,0,0,246703,523081,0
3293233861143200909,72372,2460,0,5468,0,0,0,8488,124256,250832,457724,0
369397129701182667,115734,21707,0,0,9427,0,0,0,102489,275440,344884,51919
8562458123105026684,4912,6034,1988,0,0,0,0,0,0,585983,322683,0
8105638006623381209,18455,5261,0,0,0,0,0,249,0,569194,328441,0
5698875869970760451,903067,18533,0,0,0,0,0,0,0,0,0,0
11313532879772291217,51763,712,0,0,0,0,0,0,12707,658089,198329,0
5970817075528973816,65587,1413,309,6617,0,0,0,11893,2643,590778,242360,0
9661197211210697050,193540,3959,372,0,0,0,0,6992,6889,334718,375130,0
11730722368654022312,49944,702,0,0,0,0,0,0,417695,221983,231276,0
15635063649396007551,26897,15470,0,0,0,0,0,0,0,27222,852011,0
15430948621043778061,285029,0,0,0,0,0,6697,0,44455,585419,0,0
4167285894747599302,75436,1387,320,7009,0,0,0,16336,909,508696,311507,0
10085187031364567732,77587,980,0,125,0,0,0,7273,1044,329420,102306,402865
1129509349387216869,165807,999,960,11741,0,0,0,14213,5088,176503,546289,0
17599971786799452899,62065,1567,0,0,0,0,0,4275,796,0,852897,0
3149478538559649235,90117,6847,0,0,0,0,0,0,0,134691,689945,0
13884557127553072111,61777,2248,0,6111,0,0,0,8110,124170,246094,473090,0
13162190912215593234,20006,5344,0,0,0,0,0,0,0,554209,342041,0
6333300496472671208,921203,0,0,0,397,0,0,0,0,0,0,0
18420020370278857098,151733,414,133,3904,0,0,0,1695,16844,585206,161671,0
4181412060625506237,10165,13637,2522,0,0,0,0,0,0,470358,424918,0
15998631831540035294,302645,8171,0,0,5997,0,0,329,0,602743,1715,0
10212446992320167940,489015,1802,0,2068,0,0,0,27226,43380,167507,190602,0
603486959061647067,9379,1170,0,0,0,0,0,0,0,755559,155492,0
15667772749881296927,93961,1675,0,0,0,0,0,9529,0,0,816435,0
772358209041349870,171318,668,780,12496,0,0,0,11400,7010,178940,538988,0
17242010621095719455,616842,0,0,3606,0,0,0,3374,0,23567,274211,0
6286606020052279588,251582,4769,2026,0,0,0,0,0,0,318337,344886,0
12841774604615913849,59756,492,76,0,0,0,0,1827,285870,464085,109494,0
1681322758093098613,15976,4139,149,0,0,0,0,2140,0,468811,430385,0
11478130270722319897,216997,2442,714,0,0,0,0,654,0,242550,458243,0
14192675249392455110,149855,3685,0,0,0,0,0,0,5897,364082,398081,0
5391266129997706194,180724,2070,0,0,0,0,0,0,6786,267831,52313,411876
755734341324982663,144977,2947,3953,0,0,0,0,6402,2072,212726,548523,0
15679776075632411519,900988,20612,0,0,0,0,0,0,0,0,0,0
5634128423762581424,18276,947,0,0,0,0,0,14954,0,558703,328720,0
3105294762684643386,302472,545,0,13690,0,0,0,1064,61374,440453,102002,0
15632628843954495672,6322,8329,2145,0,0,0,0,0,0,585562,319242,0
3808650322611254542,339581,4171,0,0,1558,0,0,5967,189630,20929,0,359764
7970381423872252526,277573,1208,623,0,0,0,0,11502,0,314512,316182,0
7823246989907374072,639180,0,0,1693,0,0,0,2956,0,2452,275319,0
17153432914250175827,131790,7625,0,0,0,0,0,0,54736,254331,473118,0
17747353104630667628,235181,0,0,6997,0,0,0,1576,0,342422,335424,0
13158804093232414160,88809,834,44,12927,0,0,0,1363,167443,627760,22420,0
13995450833648613244,909944,11656,0,0,0,0,0,0,0,0,0,0
15524882861141973094,921167,0,0,0,433,0,0,0,0,0,0,0
2327843946163501027,224389,0,0,3360,0,0,0,5831,6414,465625,215981,0
10167281261326785845,91274,5474,0,5330,0,0,0,11426,789,189161,618146,0
7409314670656292674,181813,9166,0,0,0,0,0,0,0,273539,457082,0
448337354011093024,107849,13395,0,0,1286,0,0,0,146956,244408,347146,60560
13520006562015986200,909368,12232,0,0,0,0,0,0,0,0,0,0
8987388975257652378,150552,4751,6154,10053,0,0,0,10268,6000,160835,572987,0
11328103927241494233,165643,1211,0,24953,0,0,55428,11656,430663,164662,7321,60063
4604257830856031808,909316,11989,0,0,0,0,0,295,0,0,0,0
16024473970838144928,214800,2533,667,0,0,0,0,10737,7742,105543,579578,0
7771866893402839022,79957,458,0,125,0,0,0,6514,811,329996,101664,402075
4814098548291703178,233506,0,0,5109,0,0,0,0,0,556273,126712,0
13224539246728156858,263231,1744,182,14743,0,0,0,9161,27251,173328,431960,0
10646530246715543553,19195,990,335,0,0,0,0,0,44426,562980,293674,0
12854591569030752121,6058,2097,611,0,0,0,0,0,0,600053,312781,0
18428243541439848896,70144,3313,0,0,0,0,0,5243,0,468683,374217,0
18049290092450652117,328751,14118,0,0,0,0,0,25894,254772,43833,0,254232
3465133350222010088,28482,979,0,0,0,0,0,2898,19408,647337,222496,0
7798545677896270655,409799,3132,0,0,0,0,0,6416,2113,4626,495514,0
16841681045660907618,170267,3695,0,0,0,0,0,11467,0,273700,462471,0
16414245320451710866,6804,10615,2456,0,0,0,0,0,0,529683,372042,0
1125466186184492145,27753,2566,0,0,0,0,0,0,0,497,890784,0
4752589833765379956,119388,5588,0,0,0,0,0,1243,3371,298660,493350,0
12041720683993072289,543723,0,0,6887,0,0,0,2744,0,61818,306428,0
6657162476112319248,50133,226,57,5833,0,0,0,0,3574,839097,22680,0
8324373745893212160,120084,7515,0,0,0,0,0,0,56313,266212,471476,0
5788273518645264919,221419,3394,0,0,0,0,0,11493,3951,64662,616681,0
2427794974867915448,206341,0,0,6608,0,0,0,5899,1224,410208,291320,0
10866011250802604209,274748,16697,0,0,0,0,0,39691,380885,42244,8,167327
5030918650489943738,35489,0,0,0,0,0,1944,0,304277,426107,0,153783
14039157920499124766,482884,0,0,9979,0,0,0,3936,0,78755,346046,0
11323629763313006565,313440,0,0,4455,0,0,0,701,0,497461,105543,0
6922101103648232869,24514,6206,2204,0,0,0,0,0,0,543874,344802,0
4126071778382524320,80813,1171,245,6801,0,0,0,15708,908,519244,296710,0
7168421413040801808,233153,8670,0,0,0,0,0,0,0,220480,459297,0
7236969705006783426,5522,0,0,0,0,0,0,197,0,855001,60880,0
5011180816949655427,213834,13949,502,1425,0,0,0,7533,22509,318027,343821,0
6088173587212979288,201952,693,514,0,0,0,0,12841,5668,382925,317007,0
15490365478803579889,320448,0,0,3288,0,0,0,494,0,508291,89079,0
13518371959651300326,186281,1259,264,0,0,0,0,4376,37766,325564,366090,0
440258192472558102,223917,0,0,9693,0,0,0,5918,0,420571,261501,0
11335626234852834055,146442,5643,0,0,0,0,0,2981,0,359599,406935,0
6035891279287947015,133728,1656,0,10270,0,0,0,8455,151092,260754,355645,0
8695824535090974124,584990,1787,3817,0,0,0,0,18589,113829,95214,103374,0
7485118116045359245,66881,7652,0,31018,0,0,0,3506,0,73027,739516,0
318723015958465475,109129,22213,0,0,4113,0,0,0,107911,260462,370682,47090
4866206247198302798,921178,0,0,0,422,0,0,0,0,0,0,0
1369641908883619757,89893,12269,0,0,874,0,0,0,136077,236549,403490,42448
1612610787335761916,54167,4458,0,8959,0,0,0,2143,0,1741,850132,0
3306804772726948727,185368,221,91,0,0,0,0,9337,11528,226916,36483,451656
6968450879041261886,16608,4924,2852,0,0,0,0,0,0,619389,277827,0
871433783428802456,6167,4282,1674,0,0,0,0,0,0,578917,330560,0
14119410514111938214,194426,839,705,8047,0,0,0,6821,3324,391989,315449,0
15320703988190484390,130229,196,137,0,0,0,0,1982,161191,417966,209899,0
3073622952512552075,125786,1300,0,387,0,0,0,8052,711,272148,96988,416228
17334118357194300531,80096,2317,0,0,0,0,0,5772,0,436105,397310,0
3799749610613258518,281912,2788,3212,0,0,0,0,0,0,419365,214323,0
4966974629525059077,325331,2694,2597,0,0,0,0,0,0,387352,203626,0
11784205617729206768,207430,4452,811,0,0,0,0,3558,0,245936,459413,0
16256486105789109923,911592,67,0,0,0,9941,0,0,0,0,0,0
17025002794780957035,417088,4561,0,0,0,0,0,728,76806,89499,0,332918
10665401644312694171,106911,19093,0,0,341,0,0,0,114161,257569,374918,48607
14125148913065625271,35435,11069,0,20367,0,0,0,6067,0,149270,699392,0
16291136741268835608,916882,4718,0,0,0,0,0,0,0,0,0,0
12561994743344013399,281676,2190,2040,0,0,0,0,997,0,366064,268633,0
6963333416934200590,124091,1452,96,333,0,0,0,7009,997,273310,101807,412505
1017956974268296986,14023,2400,0,9111,0,0,0,0,0,0,896066,0
2577079463066607166,304797,24556,0,7423,0,0,39697,1327,211180,280586,0,52034
5409434068665624106,115146,0,0,0,417,0,0,2605,1886,384406,7792,409348
9495900052969455947,7054,14327,2972,0,0,0,0,0,0,503075,394172,0
13895796201545951292,100174,5013,0,0,0,0,0,4942,6109,359987,445375,0
9224157307303634576,129998,4290,0,0,0,0,0,2087,0,349219,436006,0
8201232099447908723,174717,2507,2302,12652,0,0,0,12262,8412,193918,514830,0
17524776592835453421,174547,1212,142,16248,0,0,0,1173,76508,407396,244374,0
6832717862914258295,469241,1645,0,4239,0,0,0,30171,62091,191528,162685,0
9249570268883228880,182959,1074,252,0,0,0,0,15983,3417,375171,342744,0
13843470377013833379,127343,1624,2172,191,0,0,0,6949,1261,253254,124904,403902
8293696047040425199,33692,1575,0,17072,178,0,0,13909,10164,374459,470551,0
8210867229922699806,265228,3335,0,0,0,0,5489,0,132742,514806,0,0
11440578415082185055,340976,0,0,1906,0,0,0,366,0,518942,59410,0
4794612937913497662,52560,618,0,0,0,0,0,0,409518,232015,226889,0
1362125418590240028,206797,7897,433,0,0,0,0,4571,1982,250741,449179,0
366632336552669072,6653,3639,1411,0,0,0,0,0,0,515683,394214,0
8104059464448373230,62716,1412,0,17752,0,0,0,8024,139594,248666,443436,0
8300520926912789397,129043,12980,1984,85776,0,0,0,8188,0,297358,386271,0
5406628408729203179,401955,6174,0,0,0,0,0,11971,2015,128679,370806,0
9403545454935384609,109627,21897,0,0,729,0,0,0,101290,271866,369337,46854
11759117761509410088,74492,5691,0,0,0,0,0,10235,0,107581,723601,0
1408631803530608089,98842,1120,0,3175,0,0,0,7391,2041,323450,76536,409045
15056132564702947899,921146,0,0,0,454,0,0,0,0,0,0,0
9223691514971112569,21640,5777,0,0,0,0,0,2581,0,11929,879673,0
6651026533578674040,202917,2152,653,0,0,0,0,5663,9803,218562,481850,0
8502226167089800985,31021,4190,0,0,0,0,0,510,0,507679,378200,0
7554255318690611106,906115,15485,0,0,0,0,0,0,0,0,0,0
8042902873471929030,254671,2813,519,11043,0,0,0,9444,0,241814,401296,0
11245694895916293975,187948,137,60,0,0,0,0,41,19497,234842,34304,444771
14963919019775845322,4576,3016,786,0,0,0,0,0,0,447433,465789,0
5989009599989846246,6182,7211,1400,0,0,0,0,0,0,676000,230807,0
2975142130943723358,105672,1207,764,254,0,0,0,4602,1940,278871,123843,404447
2694823920036832357,178770,1244,0,0,0,0,0,0,15410,267721,37293,421162
8206317732123940164,165959,1252,0,25180,0,0,51419,7766,435430,167035,7676,59883
11164932838147839528,161727,0,0,4371,0,0,0,5796,0,465533,284173,0
2796437666975231624,626407,0,0,0,0,0,15779,0,190648,88766,0,0
9187696826596625642,206259,1926,215,3374,0,0,0,1692,40409,475180,192545,0
813415296941927072,757790,0,0,0,0,0,32429,0,121997,9384,0,0
3272648073151876831,181309,1289,140,19356,0,0,0,942,70713,396956,250895,0
1306389865233569638,70749,19526,0,0,0,0,0,0,4458,267624,559243,0
9294304926271629141,194821,473,101,1365,0,0,0,1128,2610,550812,170290,0
8526292245120401746,906329,108,0,0,0,15163,0,0,0,0,0,0
10638559954484901158,6631,3284,2116,0,0,0,0,0,0,537012,372557,0
2174338274552523642,128555,5161,0,0,0,0,0,3968,5570,318740,459606,0
8854237036299653150,30985,1686,1763,0,0,0,0,5707,4718,212611,238328,425802
16193247369142027114,291210,0,0,5143,0,0,0,493,0,511416,113338,0
3681341913207312750,90919,6321,0,0,0,0,0,0,0,133999,690361,0
5665007424007486381,411078,0,0,0,0,0,92321,0,244332,166932,0,6937
17200291698093118384,32029,1709,0,17279,188,0,0,13351,7850,384846,464348,0
16420055489636067503,592549,1081,0,0,0,0,0,13248,59273,127981,127468,0
6618900026724440414,269263,252,0,7093,0,0,0,737,66603,481382,96270,0
13025649015168114975,921180,0,0,0,420,0,0,0,0,0,0,0
16036967043905067884,208114,15546,5456,0,0,0,0,4691,861,235081,451851,0
4466841077812663739,58264,7000,0,0,0,0,0,2830,0,6563,846943,0
5106637053520967712,109183,19340,0,0,328,0,0,0,116785,255949,370694,49321
5980537837555515722,246332,4745,1943,0,0,0,0,0,0,326792,341788,0
8605742430891667480,907598,1147,0,0,0,12855,0,0,0,0,0,0
12548534343478322862,603790,289,75,0,0,0,0,3425,110402,76234,632,126753
7721147826337619749,373099,2947,0,0,0,0,0,29625,29847,288465,197617,0
17633170710009883251,6037,4552,2173,0,0,0,0,1514,0,581927,325397,0
8111655215769241650,404181,3002,0,0,0,0,0,32749,97331,217110,167227,0
3575860154437041250,5082,3952,1706,0,0,0,0,0,0,550250,360610,0
293822090170360913,167889,1108,237,0,0,0,0,6992,0,292420,452954,0
737742429173123362,136110,577,59,5804,0,0,0,680,14848,716414,47108,0
13865895407466899597,920685,0,0,0,915,0,0,0,0,0,0,0
10579839954212677594,255527,7050,199,48233,0,0,0,11414,12680,214139,372358,0
677465325591948639,288614,147,346,0,0,0,0,10542,0,464124,157827,0
4855052580104617732,33807,930,0,0,0,0,0,5258,11581,479006,391018,0
12018363234603814409,32775,364,0,0,0,0,0,1809,10352,737076,139224,0
6158671487415445814,240659,6461,5834,0,0,0,0,415,6726,201590,459915,0
12265477550218661473,234157,8730,0,0,0,0,0,0,0,223105,455608,0
7635477262231797052,187543,4174,0,0,0,0,0,9535,0,30965,689383,0
14722064269081453404,107176,17295,0,0,537,0,0,0,120572,268335,350263,57422
5533163222378237971,4027,5835,2781,0,0,0,0,0,0,0,908957,0
11696099487684810573,234354,2272,431,0,0,0,0,1205,0,258858,424480,0
12494606092717739947,124266,2496,3663,0,0,0,0,15304,3565,279333,492973,0
10936519631496428897,351679,0,0,1098,0,0,0,437,9856,519061,39469,0
9611153333552607928,604086,452,497,122,0,0,0,3522,138474,42730,743,130974
4089289307603044509,98904,277,100,10351,0,0,0,5284,61943,496903,247838,0
7170987545195366674,921111,0,0,0,489,0,0,0,0,0,0,0
590927484290628943,60685,0,0,0,0,0,0,734,25239,700164,134778,0
12777848717206572560,312849,0,0,0,0,0,6233,0,84578,465829,0,52111
11624213636146490753,16498,2804,474,0,0,0,0,0,0,653491,248333,0
5262560325283750389,255932,480,78,1015,0,0,0,383,1620,479869,182223,0
17785868430305932152,920784,0,0,0,311,0,0,505,0,0,0,0
15571206939873185465,53571,2719,0,0,0,0,0,10597,0,462046,392667,0
16190334296727482968,901503,969,1090,0,0,0,0,1872,16166,0,0,0
4196835264261062669,58007,233,116,0,0,0,0,2126,294653,445826,120639,0
14157212389613599846,920174,0,0,0,0,1426,0,0,0,0,0,0
12191460029024532422,12257,903,0,0,0,0,0,2900,0,676386,229154,0
8416890556196680791,5857,742,279,0,0,0,0,0,0,617729,296993,0
10403069136214306448,76491,778,0,231,0,0,0,5840,907,347772,84468,405113
14817399270322422492,332050,0,0,0,0,0,6470,0,86502,439374,0,57204
14545817611419768076,186299,3246,214,12781,0,0,0,27677,21252,130368,539763,0
6993860646206883120,119211,4273,0,0,0,0,0,23625,0,109130,665361,0
14264652545501617586,131911,271,132,9314,0,0,0,6370,10656,513344,249602,0
9374212723693714489,85687,753,678,200,0,0,0,4877,1937,302598,118786,406084
9247205663894506352,920929,0,0,0,671,0,0,0,0,0,0,0
6597244664287376833,241804,2255,664,0,0,0,0,8715,0,344443,323719,0
3285961131116251453,227531,3919,0,0,0,0,0,2621,0,400931,286598,0
1685580036327455131,106799,1319,0,290,0,0,0,19476,1678,270028,114527,407483
10599756471636280704,81053,903,0,272,0,0,0,6518,864,341395,84894,405701
1480557817231766273,136188,8984,13481,0,0,0,0,10650,0,177950,574347,0
862923652453804019,238692,12603,0,0,0,0,0,37115,550067,21462,0,61661
10080264424159506028,146180,2309,716,11268,0,0,0,10882,0,190266,559979,0
8652549075907451520,11042,1210,619,0,0,0,0,2587,0,697860,208282,0
2916220962705242801,231441,2193,271,809,0,0,0,2937,17953,215661,450335,0
12885730130114820532,258830,0,0,5608,0,0,0,6818,0,318420,331924,0
12321491624919413576,412599,0,0,0,0,0,7680,0,0,499276,0,2045
2030384657188985831,26447,4381,0,5158,0,0,0,0,0,75628,809986,0
17122367192171225798,201711,265,100,7365,0,0,0,2607,9247,501873,198432,0
296615042451769672,12383,2126,730,0,0,0,0,4818,0,546812,354731,0
4698216094474718613,207648,2003,539,0,0,0,0,2975,4010,230229,474196,0
11650571445250913821,195531,2244,0,0,0,0,0,0,14147,243277,47970,418431
13487992794299779972,37193,0,0,3588,0,0,0,6911,7075,409894,57048,399891
10180673204818240864,897033,18898,0,0,0,0,0,5669,0,0,0,0
15750445374489763756,39154,145,0,0,0,0,0,24846,1736,628246,227473,0
14493478170222181887,20759,2023,1289,0,0,0,0,14109,3969,156765,297667,425019
13325638455681602057,111083,13944,0,0,756,0,0,0,131459,267490,335001,61867
4482156107171210005,3806,4457,2244,0,0,0,0,0,0,0,911093,0
11265453182012299980,260,20579,4717,0,0,0,0,0,0,34347,861697,0
6607207494116356195,99959,408,48,6118,0,0,0,814,176709,587309,50235,0
3701435673094097256,334428,4823,0,0,17571,0,0,2875,4385,514104,43414,0
13281978755658715977,77215,972,0,138,0,0,0,7165,1107,329860,105096,400047
7670310439076291682,207884,3084,739,0,0,0,0,13249,9837,375351,311456,0
6602276891785643670,218417,3616,0,0,0,0,0,23644,0,261175,414748,0
2584699245745252636,7338,4353,2164,0,0,0,0,896,0,586132,320717,0
1188551834639041329,376760,3869,0,15793,0,0,0,5541,29364,271634,218639,0
4198514857115189463,78688,4229,0,0,0,0,0,3717,0,11838,823128,0
18092952104975587934,360236,5967,0,0,0,0,0,10191,2116,128778,414312,0
63973714289843731,207357,7952,605,0,0,0,0,5273,2065,243001,455347,0
914504024565548815,108036,19752,0,0,781,0,0,0,118236,265926,356880,51989
2533053673897301226,113371,1119,0,337,0,0,0,8129,1810,238634,155304,402896
1726813857311173332,254099,7332,231,49975,0,0,0,12094,13187,215929,368753,0
16018864494356482945,910028,11572,0,0,0,0,0,0,0,0,0,0
17002679282127013553,225054,0,0,13177,0,0,0,5997,0,420400,256972,0
16491203206866776869,74406,234,116,0,0,0,0,0,223270,517546,106028,0
3549449991443500958,88224,981,0,378,0,0,0,5706,1526,338126,79160,407499
2500744820651780493,339405,0,0,8164,0,0,0,978,0,245693,327360,0
12249060852767830709,5693,3652,706,0,0,0,0,0,0,574629,336920,0
10409377128979302097,67539,785,0,0,0,0,0,17526,7758,558340,269652,0
13206584587792740327,25563,4770,1746,0,0,0,0,0,0,421242,468279,0
12449893279708698297,232234,2469,530,0,0,0,0,1158,0,258220,426989,0
1680643456844799731,188854,1995,0,0,0,0,0,53036,0,35342,642373,0
2225341030114778191,6987,0,955,0,0,0,0,0,0,333650,580008,0
14036995412051150038,130506,1131,0,0,0,0,0,9408,2522,301226,61372,415435
15356380288943330230,87782,5646,0,0,0,0,0,4774,4839,270052,548507,0
313834108567907594,613751,0,0,0,0,0,28520,21176,85843,172310,0,0
4413751037938169122,473886,0,0,0,0,0,5801,32072,170541,239300,0,0
13541166908856739722,86356,0,0,0,919,0,0,9045,21612,363083,1072,439513
4768752015748607570,416439,3604,0,0,0,0,0,1510,105156,36174,0,358717
4718723093591756570,42528,0,0,0,0,0,0,16875,9486,513966,338745,0
149727257087739003,4124,6427,2666,0,0,0,0,0,0,0,908383,0
10020850374805737631,284699,20866,0,0,0,0,0,42180,380308,30719,7,162821
8179323503511855281,69421,6266,1767,0,0,0,0,4161,0,331706,508279,0
11570663355774591155,120714,190,177,0,0,0,0,1639,192027,411972,194881,0
4008944473807450284,26344,1031,0,0,0,0,0,0,17883,521245,355097,0
6091028063767518194,11909,13631,3546,0,0,0,0,0,0,296988,595526,0
7277681181450027550,239712,991,1009,7746,0,0,0,12963,1792,111005,546382,0
1630098300327507960,105086,0,0,0,0,0,0,858,29365,786291,0,0
10241524179068396065,219567,3395,0,0,0,0,0,25392,0,264914,408332,0
8076504224400925480,105673,194,159,0,0,0,0,1535,225863,415239,172937,0
13226229522308574405,295808,5398,0,0,8260,0,0,104,0,611601,429,0
18092783626668818727,189614,4689,1885,0,0,0,0,0,0,381587,343825,0
11161613320277155201,188111,262,83,0,0,0,0,2268,6479,521272,203125,0
7567965510781335288,921237,0,0,0,363,0,0,0,0,0,0,0
6863845282980702709,72255,350,116,0,0,0,0,0,174724,554640,119515,0
8537181835018869339,11803,2661,0,0,0,0,0,358,0,0,906778,0
12765219200656874680,173447,716,100,6074,0,0,0,821,205752,404398,130292,0
11618597128556542952,248665,8863,178,37318,0,0,0,8364,12599,254341,351272,0
12176808131436613697,224969,3766,975,0,0,0,0,2320,5590,320112,363868,0
15842221163824379438,37406,1096,0,0,0,0,0,16290,16534,388590,461684,0
3180237011025322321,5470,2901,2645,0,0,0,0,0,0,575827,334757,0
15478608536428360308,232382,2212,654,0,0,0,0,1257,3063,228278,453754,0
13314459961863081975,39168,9717,0,0,0,0,0,0,0,32600,840115,0
15230942324940238402,10396,4052,0,0,0,0,0,0,0,483385,423767,0
12176126008222695277,229909,3045,507,0,0,0,0,1317,0,257135,429687,0
16773018624417580405,41483,2934,0,28509,328,0,0,0,0,112281,736065,0
18316015909618002494,222869,0,0,7218,0,0,0,851,57746,548731,84185,0
17867599782670455497,137129,647,129,0,0,0,0,2247,112753,450213,218482,0
14119247506798375543,894535,738,1143,0,0,0,0,1336,23848,0,0,0
5547219760774313060,142073,677,0,6325,0,0,0,1627,120612,510267,140019,0
9656063617720876264,219090,3652,0,0,0,0,0,13143,0,243887,441828,0
16833808721366872873,201430,3879,1201,0,0,0,0,3995,0,62711,648384,0
16579413583343421133,73286,1237,326,6987,0,0,0,15941,875,517513,305435,0
15636422414945362153,97613,5597,2825,20420,0,0,0,11947,0,163988,619210,0
18009792703423426916,26397,3109,0,20041,268,0,0,3646,2721,96189,769229,0
280650402782707429,136168,3576,0,0,0,0,0,25065,0,358318,398473,0
13275499636073514437,903001,18599,0,0,0,0,0,0,0,0,0,0
13252649066085164341,919317,0,0,0,2283,0,0,0,0,0,0,0
8962811190966134307,12092,2897,0,0,0,0,0,2730,0,507511,396370,0
3468418602722623919,59882,1474,0,11795,0,0,0,8306,129022,246707,464414,0
6620695913127402213,48145,1004,0,0,0,0,0,16586,10248,520540,325077,0
669688623827507294,284844,5126,0,0,15972,0,0,3055,5683,563308,43612,0
111717439354768706,358448,0,0,0,0,0,7543,12927,364021,150375,0,28286
14189803651074615751,114848,19958,0,0,247,0,0,0,120902,260826,351522,53297
13488936681144626546,33466,0,0,7099,0,0,0,1368,82022,728135,69510,0
10891117201999956151,7043,0,0,0,0,0,0,0,0,906923,7634,0
2448512704079532421,77640,1127,444,0,0,0,0,4957,8816,270368,135568,422680
193024571151232839,81699,444,102,0,0,0,0,1343,249817,429001,159194,0
2265057675807179107,9971,0,0,0,0,0,0,15383,0,548091,348155,0
14492612256781562708,301565,9465,0,0,4278,0,0,351,0,603696,2245,0
6843407012615055951,98610,2028,217,11137,0,0,0,5676,1291,630948,171693,0
9996529665569768055,9964,0,0,0,0,0,0,589,0,448861,462186,0
13666278483318525427,375098,47338,0,0,0,0,20993,41280,295393,141498,0,0
16969337180179635988,606163,1904,0,0,0,0,0,20112,123212,83804,86405,0
9835255544296372487,144326,1023,0,11591,0,0,0,10416,167398,252840,334006,0
1462596385887731109,83535,371,129,0,0,0,0,1311,237169,434146,164939,0
2450679497836151627,61116,2250,0,4648,0,0,0,8453,124457,246162,474514,0
15680304848319392749,83578,424,142,0,0,0,0,1309,233727,437142,165278,0
15509718879398345839,208878,0,0,6606,0,0,0,0,0,445388,260728,0
14801996333741698165,37539,6973,0,0,1344,0,0,0,0,875744,0,0
16485202546807470518,290029,6292,0,0,5747,0,0,141,0,618365,1026,0
3804246183896092400,104527,21539,0,0,977,0,0,0,101861,274094,371779,46823
710370574304223009,920019,0,0,0,1581,0,0,0,0,0,0,0
1601863839391874932,4910,5692,2630,0,0,0,0,0,0,29133,879235,0
10127393799803885299,333044,20700,0,0,5419,0,0,1772,0,549493,11172,0
2864198715001199191,178578,6137,211,19652,0,0,0,5504,1674,193631,516213,0
7281330099788241207,181819,7611,0,0,0,0,0,2395,0,226359,503416,0
7060767109073239408,380269,0,0,0,0,0,0,242,0,496370,44719,0
1975598190734340897,202834,4464,860,0,0,0,0,5058,0,242845,465539,0
13907830515177468255,203979,4260,0,0,0,0,0,9767,2511,259967,441116,0
10742135208072031975,154150,1481,0,12080,0,0,0,9772,166710,253254,324153,0
15449735255412656773,400160,2630,2340,0,2141,0,0,12924,109032,71785,320588,0
2886304354882496797,40227,201,50,6117,0,0,0,1737,149589,570701,152978,0
15746240846518305493,56238,1208,0,0,0,0,0,0,10309,621630,232215,0
5606192507666052027,9650,18635,2334,0,0,0,0,0,0,174465,716516,0
17424316755842863787,458060,3167,0,0,0,0,0,20291,213324,93616,133142,0
8957698300278181748,5694,3703,1680,0,0,0,0,0,0,655982,254541,0
2887721306193468296,186100,2297,1937,12409,0,0,0,12310,10776,223695,472076,0
9857586291473746592,173928,200,83,0,0,0,0,0,11197,242672,42639,450881
15092197951906558463,40956,0,0,0,0,0,1511,0,283776,447487,0,147870
11024349036793147294,185682,1343,0,14456,0,0,0,12721,158331,253163,295904,0
9808185594771803377,68096,786,0,223,0,0,0,5074,852,350049,92119,404401
8502677265768361775,921154,0,0,0,446,0,0,0,0,0,0,0
18975246810038865,87488,6904,0,0,0,0,0,0,0,139643,687565,0
14859812599858897805,154733,5683,7464,0,0,0,0,6337,1930,197746,547707,0
10141684346765390034,63390,1726,0,0,0,0,0,3726,3517,0,849241,0
17222611795065087055,16040,3313,670,0,0,0,0,526,0,483521,417530,0
16206930174893044666,791486,7291,0,0,0,0,0,17987,102126,2587,123,0
15197306929181164992,221057,9995,462,5590,0,0,0,8250,10888,297863,367495,0
1836452802719054572,210752,8721,234,0,0,0,0,10100,11522,370305,309966,0
4016258716692886576,65764,2723,0,0,0,0,0,1326,0,0,851787,0
10808365867202997864,190761,4839,0,0,0,0,0,9316,2751,259680,454253,0
10514564454560872520,42642,4124,0,0,0,0,0,2650,0,542552,329632,0
17801096005401634323,6587,523,0,0,0,0,0,11051,0,525740,377699,0
17474946109171395267,406276,1886,0,0,0,0,0,17954,154826,276373,64285,0
11813396100290576858,530375,1321,0,0,0,0,0,14204,72685,124671,178344,0
14199208620550459852,90036,12250,0,0,1003,0,0,0,138817,241525,396016,41953
5544347176882956623,223166,3273,0,0,0,0,0,22886,0,257518,414757,0
397863318267697086,8148,4846,50,0,0,0,0,4136,0,615351,289069,0
6598905692010479812,105198,18090,0,0,657,0,0,0,125987,261863,352608,57197
15643164182507727305,477646,2130,0,0,0,0,0,10546,5756,114833,310689,0
17029451225897986529,910634,9421,0,0,0,0,0,1545,0,0,0,0
11546344338661811376,69168,532,104,0,0,0,0,0,228409,524404,98983,0
3516163089705894054,177766,829,186,0,0,0,0,6921,0,306747,429151,0
8213344075110825428,8230,1079,0,0,0,0,0,460,0,751400,160431,0
15969274170415404934,217784,14384,5393,0,0,0,0,3212,0,229972,450855,0
6502277169135265228,102666,12527,0,0,510,0,0,0,149665,247485,349885,58862
2961059934806403292,165895,5115,0,0,0,0,0,9960,0,372321,368309,0
7176407668130367460,253068,0,0,13357,0,0,0,4876,0,421240,229059,0
15882531530732727664,9975,11011,2862,0,0,0,0,0,0,525375,372377,0
1550184552258663425,305826,4341,0,0,1730,0,0,8612,21641,479675,99775,0
14653338023367921541,5093,4005,1496,0,0,0,0,0,0,559405,351601,0
5497219959091367232,673427,4500,0,0,0,0,0,0,124835,47981,0,70857
3642062056493143982,59710,1473,0,20942,0,0,0,8434,124983,245168,460890,0
13465393825121445098,5369,3665,1592,0,0,0,0,0,0,525374,385600,0
7726143292814192679,353169,1185,0,0,0,0,0,10615,2503,17971,536157,0
1731776542053137906,137783,240,111,5479,0,0,0,1299,22770,591961,161957,0
8760321949284960327,244777,7280,0,0,0,0,0,0,0,214113,455430,0
9563321460571057440,107470,6694,0,0,0,0,0,13650,0,231807,561979,0
10804018812178427,166313,636,70,1859,0,0,0,902,7559,577579,166682,0
11446554021091186034,275098,16962,0,0,0,0,0,48026,335096,38684,0,207734
3904215820504773670,153732,1440,0,12015,0,0,0,10462,166803,253147,324001,0
5436402386597507144,132483,288,92,14749,0,0,0,6251,52500,434365,280872,0
9569966429759431951,675284,377,1151,0,0,0,0,10079,131383,46313,1445,55568
5811059814893619242,45389,0,0,937,0,0,0,2781,8094,413312,50851,400236
3817613710303195720,29105,1986,0,16987,295,0,0,3932,0,47734,821561,0
10417666969093826248,111535,0,0,0,371,0,0,714,15099,289074,56904,447903
12324366531979947172,54860,397,0,1829,0,0,0,9048,6871,370190,79145,399260
9237389510376145308,908826,12774,0,0,0,0,0,0,0,0,0,0
12927745404901831085,238966,0,0,7069,0,0,0,874,59690,528054,86947,0
11399718613455284782,29236,1417,0,0,0,0,0,7632,0,246709,636606,0
17951991310908783931,219608,0,0,15467,0,0,0,7689,0,418915,259921,0
17882858022673003876,152804,4240,4680,0,0,0,0,3556,0,223250,533070,0
16055236528932789113,921506,0,0,0,94,0,0,0,0,0,0,0
18237891795503686853,434027,2718,0,0,0,0,0,511,54822,94284,0,335238
16016505205998568613,10322,13298,4217,0,0,0,0,0,0,305376,588387,0
4284346238836765545,10956,5581,3330,0,0,0,0,0,0,194787,706946,0
11421802793229152299,210748,13081,0,0,0,0,0,12160,3106,307080,375425,0
5110840822938817811,915683,0,0,0,0,5917,0,0,0,0,0,0
16259787039954156514,6448,18633,6946,0,0,0,0,0,0,477317,412256,0
7332007794464669589,183854,6512,2949,2056,0,0,0,11959,12345,143451,558474,0
16354043832229263175,83021,1191,242,6918,0,0,0,17761,1385,527995,283087,0
16293649443005276932,590173,5830,0,0,0,0,0,2359,107566,48155,0,167517
9305230623286807680,206806,667,683,15953,0,0,0,12014,1369,312457,371651,0
1814992541893123784,266725,0,0,0,0,0,0,0,24739,332615,297521,0
1548916458529050362,17533,2825,0,0,0,0,0,0,0,466993,434249,0
18001579396181061572,183520,137,55,0,0,0,0,34,18344,241779,32290,445441
2169141948394622517,116150,1559,90,278,0,0,0,6885,1424,287382,98574,409258
301068820154052880,6609,10248,4665,0,0,0,0,0,0,528886,371192,0
11153351715123059681,5154,4867,2439,0,0,0,0,0,0,575437,333703,0
15852453456740342208,222497,3660,0,0,0,0,0,24355,0,259555,411533,0
13906928329367541194,10236,9604,2169,0,0,0,0,0,0,411476,488115,0
1845415031991308152,918682,0,0,0,0,2918,0,0,0,0,0,0
8115546014757469969,126963,1434,0,0,0,0,0,5022,0,267206,520975,0
15678636929960320920,403302,0,0,0,0,0,0,0,3628,470519,44151,0
14667761514119078859,199380,3014,2019,0,0,0,0,4119,0,63370,649698,0
5552142725798828542,130226,4142,0,0,0,0,0,20771,0,165200,601261,0
11128262049977973757,227019,365,617,2809,0,0,0,6735,15928,321429,346698,0
10968352715152183159,921493,0,0,0,107,0,0,0,0,0,0,0
10817527747831217222,146048,0,0,0,0,0,0,0,20499,187692,567361,0
737016369767499803,911280,10320,0,0,0,0,0,0,0,0,0,0
5224971538896883532,215481,3351,0,0,0,0,0,11125,1502,55045,635096,0
1719443134655235649,136174,1120,0,333,0,0,0,7734,619,266084,94738,414798
7095126847407180922,146319,7939,0,15518,0,0,0,5856,3151,206169,536648,0
934395416677709727,906614,14986,0,0,0,0,0,0,0,0,0,0
4237745607947425481,48153,446,94,0,0,0,0,0,93788,667027,112092,0
10034638075990270906,61025,196,0,0,0,0,0,923,24132,738410,96914,0
16866439632494545160,27050,3256,416,0,0,0,0,0,0,380304,510574,0
2777512657390266244,168490,3206,3273,12216,0,0,0,13866,6490,175818,538241,0
11993226331533794956,464417,2131,0,0,0,0,0,38483,0,53269,363300,0
14962373858169101894,164563,715,62,3062,0,0,0,1305,12523,576343,163027,0
17478866884951727870,17196,6590,4263,0,0,0,0,3593,0,579831,310127,0
6082099286708421721,78820,778,0,197,0,0,0,4881,726,347259,85308,403631
16420577266546282356,417502,78679,0,0,11294,0,0,1947,2381,374818,34979,0
9306811654218281795,34473,0,0,4339,0,0,0,3959,6869,419076,53162,399722
15019279765689704405,128721,892,0,0,0,0,0,9519,2166,307044,56561,416697
7416440385478450224,6925,13377,2007,0,0,0,0,0,0,510294,388997,0
14685038150163278997,9841,2729,0,0,0,0,0,0,0,489852,419178,0
5754728691029932790,210983,6883,146,0,0,0,0,7072,10675,361192,324649,0
1965148958310273536,6042,0,0,0,0,0,0,0,0,879017,36541,0
7388136817122282932,916154,1725,1377,0,302,0,0,2042,0,0,0,0
13651028841402237710,41673,505,98,0,0,0,0,0,61780,738249,79295,0
7368467952412373386,236814,3086,1178,890,0,0,0,2908,29844,272415,374465,0
13167293638321391434,920306,0,0,0,1294,0,0,0,0,0,0,0
17265234584894214598,290778,2222,2620,0,0,0,0,1519,25489,323735,275237,0
16216944366733477881,7715,4925,432,0,0,0,0,0,0,427547,480981,0
5822684474600242139,106475,20861,0,0,2222,0,0,0,98303,272182,373986,47571
14530742671174476433,104017,12565,0,0,666,0,0,0,153137,244771,343886,62558
2502879711149489707,394278,2152,0,10910,0,0,0,33144,209957,122897,148262,0
13802557398096943803,47302,0,0,5386,0,0,0,1929,6968,409449,50418,400148
7463084017154792875,233526,2325,453,0,0,0,0,0,0,242767,442529,0
15747876850569013740,206815,8118,519,0,0,0,0,12096,11529,371971,310552,0
1693337165633365419,161556,1181,0,12438,0,0,0,10844,163572,251804,320205,0
6447950062436918375,12670,11157,2640,0,0,0,0,0,0,522252,372881,0
1945658723587311168,5058,15566,2562,0,0,0,0,0,0,200451,697963,0
3489181143590472231,8142,854,214,0,0,0,0,0,414335,192915,305140,0
13788050687356820717,3778,788,0,0,0,0,0,0,0,812599,104435,0
3811324098199827444,921282,0,0,0,318,0,0,0,0,0,0,0
702068364837053609,376603,11973,1830,0,1891,0,0,15528,78509,174027,261239,0
14970758323785910541,4833,855,268,0,0,0,0,0,0,645106,270538,0
15945566508685464273,197122,3775,725,0,0,0,0,3976,0,55785,660217,0
15850840675411092296,67342,18073,0,0,0,0,0,0,3981,273360,558844,0
2549005893547474981,921201,0,0,0,399,0,0,0,0,0,0,0
13357310752414389940,86013,1515,0,0,0,0,0,4963,4463,0,824646,0
10115598100682440344,350239,0,0,0,0,0,0,0,49028,369890,152443,0
3974428161350961996,101031,0,0,0,0,0,0,1085,38864,700299,80321,0
11217430828713324080,254320,13570,0,0,0,0,0,15572,495114,45241,623,97160
10384193900428482971,125668,1336,58,351,0,0,0,8155,897,269799,101268,414068
16603394832837978165,7681,13034,20,0,0,0,0,3295,0,611855,285715,0
18341500780413031716,204198,798,275,0,0,0,0,545,30137,300202,385445,0
12993811830675803230,10067,1130,0,0,0,0,0,0,0,735417,174986,0
16361409678837239306,127217,1353,0,0,0,0,0,6609,4375,0,782046,0
5503634314396153966,921461,0,0,0,139,0,0,0,0,0,0,0
9052238922478826942,556197,1514,0,0,0,0,0,14415,71991,131949,145534,0
11465432741240714956,173137,32,0,146,143,0,0,1282,4862,314119,34080,393799
11379624050245357354,131524,5698,0,0,0,0,0,2664,28864,309845,443005,0
17488409042456523348,6355,12243,3968,0,0,0,0,0,0,541326,357708,0
3510157682113124076,7482,0,0,0,0,0,0,433,0,878502,35183,0
15970232756758674914,9283,4270,992,0,0,0,0,1554,0,511084,394417,0
5564678133537414057,921214,0,0,0,386,0,0,0,0,0,0,0
2129096376688023084,179322,492,83,6032,0,0,0,997,17232,655244,62198,0
9322944291888777528,230940,0,0,5076,0,0,0,0,0,562166,123418,0
282930331450391645,363728,0,0,1120,0,0,0,127,0,518529,38096,0
14107309009213308714,288675,0,0,5015,0,0,0,840,0,510974,116096,0
14524271460852204925,60224,0,0,7774,0,0,0,2011,99184,752407,0,0
5272796727289553622,416275,0,0,0,0,0,28173,73484,126632,261227,0,15809
14496662870880305442,5624,6068,874,0,0,0,0,0,0,722208,186826,0
16952977379811629387,16664,1328,0,0,3271,0,0,0,0,900337,0,0
10510586749145280892,897461,3836,4473,0,0,0,0,1747,14083,0,0,0
591431790224110927,604557,172,0,0,0,0,0,3154,108513,72439,0,132765
4904813284472922933,66555,504,129,0,0,0,0,0,157012,574205,123195,0
14851504439804189779,55397,234,84,6233,0,0,0,770,184977,442353,231552,0
6029441311751596562,73645,6848,0,0,0,0,0,2094,0,40358,798655,0
777088885560424400,223411,2656,659,0,0,0,0,5913,10298,181718,496945,0
15639448803027115071,65023,1354,336,6648,0,0,0,16612,813,507776,323038,0
10318144956309077116,185777,1379,149,19729,0,0,0,1016,71563,390849,251138,0
16424395006805864113,107515,12966,0,0,1028,0,0,0,133170,261576,346611,58734
14616994079524861520,36952,0,0,0,0,0,0,25183,2068,642309,215088,0
8371493834475022932,250388,2352,815,239,0,0,0,4010,21681,273297,368818,0
14112580395989590200,185882,1005,169,7030,0,0,0,3977,1155,337874,384508,0
6911448166028605590,328056,17339,0,0,4407,0,0,1524,0,561480,8794,0
2341910347721471791,350464,40047,0,0,4888,0,0,3212,0,503925,19064,0
9371874078925405186,184844,1177,0,14345,0,0,0,12409,166619,246717,295489,0
16953346671795295053,190900,1241,0,0,0,0,0,0,15910,254152,37267,422130
3352029679372852979,616899,15319,0,0,0,0,0,26498,257547,3607,1730,0
14414213553870778721,184844,644,409,0,0,0,0,15393,0,369296,351014,0
4984661627120536473,414570,1641,0,0,0,0,0,18297,155028,270019,62045,0
13562636056362747912,462353,1834,1790,0,0,0,0,0,26184,184023,245416,0
17627949849774160568,79583,869,0,317,0,0,0,5663,725,341284,86043,407116
13061097446614148159,785787,24400,0,0,0,0,0,11560,81100,17281,1472,0
520635609229634137,130704,0,0,294382,0,0,0,0,25711,163526,307277,0
4231242315478276998,126507,1543,78,386,0,0,0,8786,1465,274518,98907,409410
7915634937575242265,144861,1784,0,0,0,0,0,7191,0,178431,589333,0
15942849931145792831,872650,911,0,0,0,48039,0,0,0,0,0,0
4656547921517888894,5746,5260,2000,0,0,0,0,0,0,540627,367967,0
16704142119030522265,5026,4963,2795,0,0,0,0,0,0,564982,343834,0
1924149986507557579,426597,1384,1369,0,0,0,0,10472,0,166980,314798,0
2104903737589440228,255951,7003,312,52966,0,0,0,12037,14195,222737,356399,0
4448138370651009846,41596,771,0,2374,0,0,0,4984,7059,386955,78588,399273
6642237340738064651,30793,10798,0,0,0,0,0,0,3939,123312,752758,0
2922471222991053945,656780,0,0,0,0,0,7931,33104,174526,49259,0,0
5217532210914964967,217575,150,238,2105,0,0,0,6488,16007,313980,365057,0
12560728220718045670,69305,15025,0,0,0,0,0,1235,0,37172,798863,0
464501348929774638,361781,0,0,1010,0,0,0,112,0,520435,38262,0
5422388413748473180,51160,849,0,0,0,0,0,25156,0,581761,262674,0
14905066672902908909,36970,11137,0,51883,0,0,0,6730,0,168281,646599,0
9988098868448036349,909153,12447,0,0,0,0,0,0,0,0,0,0
9655832636777799673,93801,399,151,0,0,0,0,1546,235074,429987,160642,0
17431567436151017304,157070,4392,0,0,0,0,0,9953,0,17916,732269,0
1921670448782067884,155873,1252,0,0,0,0,0,0,13959,295904,35243,419369
1231359265381733123,85543,6325,0,0,0,0,0,0,0,133212,696520,0
16269141836775458549,396794,0,0,0,0,0,0,67,0,477999,46740,0
15183688702399589868,398174,0,0,0,0,0,2752,24732,73402,402263,0,20277
175777696733265162,314244,2564,0,0,0,0,0,2469,0,179207,423116,0
6808985772790711288,3873,0,0,0,0,0,0,377,0,902201,15149,0
14329952582163269412,384423,20081,1822,0,4764,0,0,14317,61055,204000,231138,0
9591211465498521695,259611,421,276,959,0,0,0,3929,0,467779,188625,0
11082732799293862551,43520,8264,0,117816,0,0,0,907,0,222301,528792,0
18392028122632329470,183528,1557,0,0,0,0,0,0,15335,263589,34587,423004
16353760341159640100,234626,2209,522,0,0,0,0,16916,19441,318376,329510,0
17287187308552422454,169292,3751,352,0,0,0,0,7240,14591,127129,599245,0
4873986800374767916,169350,3451,4525,12788,0,0,0,12947,6663,173338,538538,0
3880667614536977648,211184,4702,696,0,0,0,0,5773,0,275016,424229,0
1593269656046491784,196896,6146,0,0,0,0,0,3468,1344,75035,638711,0
18436921968555745619,20444,5419,1796,0,0,0,0,0,0,590066,303875,0
8860114001875742304,51877,621,0,0,0,0,0,0,411171,232716,225215,0
1115193897585457111,180295,913,775,11293,0,0,0,11751,8146,213196,495231,0
2765325813556606960,391499,0,0,0,0,0,3373,25866,51928,429430,0,19504
5566858546623988109,223087,10819,2070,10455,0,0,0,7869,11065,286533,369702,0
7130251045498128063,10451,4421,518,0,0,0,0,1301,0,362386,542523,0
814258698712593215,5713,5421,2327,0,0,0,0,0,0,459140,448999,0
6185196751890834221,108339,1422,0,1981,0,0,0,7797,2708,311166,78596,409591
4300446046426598969,106353,4791,0,0,0,0,0,3565,5432,340180,461279,0
13132413412357804953,75384,962,0,213,0,0,0,5417,902,346052,87714,404956
12270081080918730089,131358,1545,0,0,0,0,0,5474,0,245527,537696,0
9077197157425734581,914518,7082,0,0,0,0,0,0,0,0,0,0
12102045416226365492,55182,903,0,0,0,0,0,15690,10741,523076,316008,0
13350977523456302718,141693,180,61,6692,0,0,0,2548,27419,580998,162009,0
5155935045240243174,394664,0,0,1197,0,0,0,0,14043,473131,38565,0
8744953715644303874,108102,13240,0,0,1587,0,0,0,142507,245451,354647,56066
6741786321106563020,155521,0,0,0,0,0,0,0,28539,208689,528851,0
12715946564810739500,15288,2434,1528,0,0,0,0,3959,0,556037,342354,0
825211852688203416,250232,3466,4528,0,0,0,0,0,0,424759,238615,0
17859724542129200798,138830,3864,0,0,0,0,0,22571,0,365494,390841,0
16063278892230098541,243502,1516,244,2362,0,0,0,5572,23430,211107,433867,0
12671412541487611479,175762,1033,750,6172,0,0,0,4772,0,345695,387416,0
1681242962421456431,73262,1302,552,0,0,0,0,4509,9871,287487,127128,417489
1685287554092345086,31266,1694,0,16949,145,0,0,17647,0,414576,439323,0
799850027900700292,151867,1286,0,11519,0,0,0,9959,165800,254044,327125,0
16754457095506960771,77134,3502,0,6320,0,0,0,9043,123591,258027,443983,0
14349090885641946716,6762,4812,2309,0,0,0,0,0,0,563854,343863,0
4738958301373951619,396483,2521,0,0,0,0,0,1953,125571,51791,0,343281
5650512677834171157,11043,1492,0,0,0,0,0,15655,0,551155,342255,0
14556407802191884713,5014,11478,3408,0,0,0,0,0,0,546308,355392,0
18398826554207838710,19213,1468,0,0,0,0,0,6075,0,341367,553477,0
12946081882236277804,168357,719,0,6277,0,0,0,288,124699,431809,189451,0
8786053605070483377,11983,1535,0,0,0,0,0,8724,0,437020,462338,0
4450743453890653371,221407,3646,0,0,0,0,0,24230,0,258869,413448,0
13759545480686903068,287639,683,0,13650,0,0,0,1020,64200,454818,99590,0
9214196830161387520,290980,4351,0,0,2338,0,0,6005,17476,533306,67144,0
4769661190735956381,799983,9998,0,0,0,0,0,15301,95362,824,132,0
16172336167651363236,22527,845,212,0,0,0,0,0,64212,480138,353666,0
8679624218024408406,234322,2150,640,0,0,0,0,1180,2690,227521,453097,0
16884815001029526755,158969,9578,9357,0,0,0,0,5796,10558,152880,574462,0
8229037055821228288,9126,13787,1928,0,0,0,0,0,0,511981,384778,0
16962614270757586372,168426,556,77,2366,0,0,0,2039,8932,572446,166758,0
2974465712472961063,241014,4754,1845,0,0,0,0,0,0,329480,344507,0
15162639260384279035,6177,0,0,0,0,0,0,0,0,913738,1685,0
7820693904172760664,8904,13103,3714,0,0,0,0,0,0,504134,391745,0
7168688696804471384,38270,1296,0,1014,0,0,0,11259,0,116240,753521,0
4236192850971070325,62241,2886,0,0,0,0,0,9051,0,111490,735932,0
3119503085757596180,6740,10623,4810,0,0,0,0,0,0,532742,366685,0
4600884525277123928,226056,12388,497,0,0,0,0,4753,22717,302690,352499,0
14348976510101933692,228067,301,715,2530,0,0,0,7455,15416,322514,344602,0
11120034441708283734,255464,8049,198,47742,0,0,0,12453,11439,248585,337670,0
16452156256914822848,242905,1379,257,1373,0,0,0,4000,19594,212705,439387,0
9642005408759627169,434694,0,0,1159,0,0,0,0,10102,436969,38676,0
18426513528030625579,205956,0,0,7511,0,0,0,598,66724,640811,0,0
8248678003055572779,93055,611,44,11896,0,0,0,1134,165137,627051,22672,0
17099866658014121661,118612,7773,0,0,0,0,0,22363,0,94147,678705,0
16300544534067480196,439141,1604,0,0,0,0,0,967,52672,60826,0,366390
10679755077091904517,70431,494,115,0,0,0,0,768,276602,474767,98423,0
760633564673152636,813175,0,0,0,0,239,0,0,0,9481,0,98705
6034293767745385138,8881,3603,47,0,0,0,0,1199,0,522321,385549,0
10066366135586774051,143490,3268,4322,0,0,0,0,8422,0,218141,543957,0
10295233321234276279,336954,0,0,1343,0,0,0,212,0,538703,44388,0
869140306193778661,8204,15384,4886,0,0,0,0,0,0,273666,619460,0
7669545249509359810,398416,2263,0,11934,0,0,0,24431,232547,88353,163656,0
14937148819283490198,11227,3229,140,0,0,0,0,923,0,551925,354156,0
5059608577566174884,302295,3568,615,0,0,0,0,2786,0,135092,477244,0
4601775921314168307,453480,1419,0,3377,0,0,0,18508,29193,165741,249882,0
8296256720616594904,87500,464,131,0,0,0,0,1580,256575,404305,171045,0
13146285988133830156,87189,3737,0,7156,0,0,0,10210,128747,262819,421742,0
13573997283225658582,594839,2092,0,0,0,0,0,23308,122694,60292,118375,0
14811517317805883603,41430,0,0,0,0,0,0,14153,4866,452563,408588,0
1036039333968610484,36027,0,0,0,0,0,0,0,51301,739613,94659,0
2130061471232304399,400165,0,0,0,0,0,97520,0,242113,178655,0,3147
11997939559871779544,64491,2386,0,4851,0,0,0,8201,127004,248155,466512,0
8415406991725125215,920646,0,0,0,954,0,0,0,0,0,0,0
8589244008580731378,144678,9278,0,0,0,0,0,0,0,336815,430829,0
13224986176433380838,333521,28217,0,0,5924,0,0,2586,0,536724,14628,0
11631019614561851921,120781,849,0,206,0,0,0,8136,1239,239293,147752,403344
308450319474324226,173958,642,875,11906,0,0,0,11467,6805,186156,529791,0
8533789584003329885,7610,10897,2071,0,0,0,0,0,0,522769,378253,0
10065211984043412943,206140,2326,212,60827,0,0,0,10659,3177,304620,333639,0
2541909278986195583,200075,1366,1226,12009,0,0,0,12320,10455,271242,412907,0
4690150293225019503,109387,21170,0,0,1113,0,0,0,95687,263464,386507,44272
4105411932966587091,226227,4239,910,52624,0,0,0,3279,4927,306994,322400,0
3686065246308127700,19146,1529,0,0,1088,0,0,0,0,899837,0,0
17917544134288795200,918845,0,0,0,318,0,0,2437,0,0,0,0
17400633004103019680,167948,890,1316,12393,0,0,0,12697,5259,179795,541302,0
14266852319750192012,56714,7207,2097,0,0,0,0,4216,0,370523,480843,0
3772439343567112927,53476,5005,2440,0,0,0,0,0,0,149557,711122,0
1772811553950957356,198485,2552,1043,0,0,0,0,2911,7817,149042,559750,0
9964581915479320926,167680,0,0,173,487,0,0,1325,2254,306734,39955,402992
7435213959342604872,533552,1380,0,0,0,0,0,13413,71281,125316,176658,0
10232981206524407313,42399,469,46,0,0,0,0,0,58732,742009,77945,0
3954129011611081926,256118,4656,1083,17267,0,0,0,11824,3769,153740,473143,0
5817479820787697469,60166,1469,0,12865,0,0,0,8022,128404,246245,464429,0
12846769861894969779,27145,3098,1018,0,0,0,0,8235,0,155950,726154,0
6371427832760467146,241408,7540,0,0,0,0,0,0,0,218784,453868,0
7231487030778299756,182499,488,230,4882,0,0,0,2484,52685,483680,194652,0
12783135853253487568,196708,2912,669,0,0,0,0,3407,13116,199805,504983,0
15538462164221065759,916081,0,0,0,0,5519,0,0,0,0,0,0
11458704639251234990,228120,345,338,1812,0,0,0,6578,16893,321030,346484,0
11900648883255267615,45619,217,0,0,0,0,0,0,68346,725200,82218,0
14284854560807870766,412623,1716,0,0,0,0,0,657,87236,84741,0,334627
5250401742414570146,53692,0,0,6800,0,0,0,984,102244,710701,47179,0
12532348164104784729,192670,3563,1069,0,0,0,0,4438,0,58735,661125,0
1531686086677749533,6359,4713,2209,0,0,0,0,0,0,576963,331356,0
1045152873901050889,69620,2396,1747,0,0,0,0,29007,5853,257868,145035,410074
5054401759593532186,88298,543,61,6206,0,0,0,1132,176970,607120,41270,0
12414984086680094357,6549,5268,2392,0,0,0,0,0,0,498100,409291,0
4241537944039545019,43008,201,0,0,0,0,0,0,9429,791483,77479,0
10721375646544828116,921143,0,0,0,457,0,0,0,0,0,0,0
9184259479484942894,40869,583,0,0,0,0,0,17928,9924,511291,341005,0
2031372697351106147,41027,0,0,0,0,0,0,15535,9112,487332,368594,0
11235884693254730948,919079,240,0,0,0,2281,0,0,0,0,0,0
2344113627417379126,129595,1190,0,433,0,0,0,6263,933,272030,98095,413061
17936848749381814653,344631,2560,0,0,0,0,0,4279,0,173593,396537,0
12582182741984035159,131827,1467,0,0,0,0,0,5166,0,261367,521773,0
16020348735820119113,219957,0,0,6042,0,0,0,0,0,407407,288194,0
16031963854414346918,185030,1327,184,19857,0,0,0,936,68652,397689,247925,0
9939086107142314410,214075,3485,159,24218,0,0,0,6965,1961,222307,448430,0
4239304681796700394,910277,11323,0,0,0,0,0,0,0,0,0,0
11640139131475219404,390144,4581,0,0,18183,0,0,3745,4127,459519,41301,0
7883459568616042557,154730,0,0,4955,0,0,0,5882,0,474789,281244,0
8565227402951967779,184750,1394,0,0,0,0,0,0,15677,263509,39293,416977
3981941262679335092,108209,13183,0,0,1587,0,0,0,146250,243664,349469,59238
14633513300500258298,16428,2897,0,0,0,0,0,2840,0,474164,425271,0
8239700265164930479,14453,7435,57,0,0,0,0,0,0,307126,592529,0
2477192265582104424,336312,14966,0,0,4291,0,0,1209,0,557814,7008,0
16668055465750114078,201074,6930,0,0,0,0,0,2308,0,227516,483772,0
9287398553072483293,203364,2374,1066,0,0,0,0,15131,6432,253023,440210,0
1345637708724328021,176163,143,149,4723,0,0,0,6341,14736,546597,172748,0
6578190882780024413,6633,4698,1834,0,0,0,0,0,0,548902,359533,0
12291269074021541054,446978,0,0,0,0,0,8508,7383,38092,405162,0,15477
3710380160598594555,80029,770,0,213,0,0,0,5582,1057,344427,84297,405225
10849099895963769887,375515,2268,0,0,0,0,0,6128,4531,6103,527055,0
4517763227247439691,313142,0,0,0,0,0,14086,0,6933,561482,0,25957
9984175060703416592,117209,22536,0,0,2952,0,0,0,100926,274952,352029,50996
11900774790872058056,286480,0,0,5014,0,0,0,640,0,509872,119594,0
375424285426553694,100204,12581,0,0,412,0,0,0,142729,240194,376530,48950
5682845357690589496,15029,4513,0,0,0,0,0,0,0,531381,370677,0
1443745962076280648,914638,3690,3272,0,0,0,0,0,0,0,0,0
18335723739235566595,223512,3172,0,0,0,0,0,12811,2477,59017,620611,0
4682005576274628901,67092,7359,0,54047,0,0,0,10056,0,85632,697414,0
1601555773710643291,68424,179,0,0,0,0,0,3611,6471,240574,151077,451264
4056888175875938167,222585,15111,0,0,0,0,0,37436,552555,24408,0,69505
5137905995409735838,157084,4175,263,0,0,0,0,3571,28671,163906,563930,0
12936231368415810309,201853,2624,878,0,0,0,0,3443,9299,221179,482324,0
1724051981152551093,376246,2603,2459,0,0,0,0,0,0,259559,280733,0
7693173488890492635,352314,6965,495,0,2152,0,0,10806,27445,388185,133238,0
8113645066278003567,158028,2278,837,0,0,0,0,14045,10552,57298,678562,0
7728003389609784127,108687,8901,0,0,0,0,0,6931,0,364557,432524,0
2647213432489391897,3208,678,307,0,0,0,0,0,0,634964,282443,0
17860613120075037916,34573,1654,0,16688,172,0,0,16783,0,406286,445444,0
3237279123915326947,208686,10817,1784,0,0,0,0,6203,1241,229971,462898,0
13376602837898370069,540362,1336,0,0,0,0,0,13686,73919,121614,170683,0
15010792378263963204,78043,803,0,103,0,0,0,6638,1158,333135,99393,402327
6531732130560249312,177052,1264,0,13513,0,0,0,12335,159930,251142,306364,0
12391379837078516224,5594,1516,0,0,0,0,0,0,0,697771,216719,0
16613855128526709616,304035,5378,0,0,8087,0,0,105,0,603328,667,0
13382628413032912847,181223,2409,708,0,0,0,0,4610,9620,170519,552511,0
6395615772569039770,170789,1056,0,0,0,0,0,0,14522,279918,36891,418424
11731908654141098695,9824,7646,2388,0,0,0,0,0,0,529913,371829,0
7405831705376664822,292112,559,0,13497,0,0,0,953,71432,437957,105090,0
18204135652648287591,442524,852,0,0,0,0,0,390,50242,92433,0,335159
12928492789906347147,15343,6797,120,0,0,0,0,139,0,590642,308559,0
15198316631321146063,219519,10378,641,8366,0,0,0,8235,10802,288670,374989,0
11341394191072214327,111273,22334,0,0,824,0,0,0,100922,274345,364443,47459
12475971032595384520,118274,6117,0,0,0,0,0,21393,0,93448,682368,0
8029025889543866738,893093,3301,791,0,0,0,0,24415,0,0,0,0
18221535444422104682,27164,984,0,0,0,0,0,8406,18516,630179,236351,0
8673222679839910029,212888,2550,839,0,0,0,0,0,5789,220830,478704,0
13454924877331804507,148621,1850,0,0,0,0,0,9758,323,263343,85453,412252
9496898083498603789,232080,0,0,0,0,0,4226,0,128130,557164,0,0
5742484193744236078,247978,1745,222,1555,0,0,0,4731,21073,213442,430854,0
14523752413045295659,235901,4565,992,0,0,0,0,1706,17593,309421,351422,0
9922597386081684345,10101,16097,3651,0,0,0,0,0,0,490486,401265,0
12397948301043157937,218259,2062,465,0,0,0,0,2100,3879,230491,464344,0
10009215954052239330,42424,0,0,0,5066,0,0,0,0,874110,0,0
6903524588918452033,906108,2579,0,0,0,12913,0,0,0,0,0,0
2630738354527335518,6005,9552,2731,0,0,0,0,0,0,555559,347753,0
5345936448062854426,920023,0,0,0,1577,0,0,0,0,0,0,0
13668253051733348751,18668,7513,1519,0,0,0,0,0,0,565407,328493,0
4137835547547578135,7719,10473,4809,0,0,0,0,0,0,529057,369542,0
16550872431012785939,907796,1253,0,0,0,12551,0,0,0,0,0,0
4052294998515838304,34066,4836,2214,0,0,0,0,1200,0,475011,404273,0
17691290562735157940,4767,4450,2006,0,0,0,0,0,0,588746,321631,0
15371179601164800784,263275,0,0,0,0,0,7050,1244,209635,415458,0,24938
15087363245695912367,29482,812,0,0,0,0,0,0,108346,362728,420232,0
3333260518438819982,78529,2378,0,0,0,0,0,6000,0,434940,399753,0
10457693602554917593,653941,0,0,0,0,0,18162,87383,13763,148351,0,0
5307140363469027810,15875,2226,1005,0,0,0,0,4375,0,547433,350686,0
3396127043984586308,41406,9837,0,128503,0,0,0,7765,0,183318,550771,0
3076420384799058124,6398,0,0,0,0,0,0,622,0,871568,43012,0
10675400540400767557,181192,746,249,0,0,0,0,18076,0,374976,346361,0
93256067643012494,178604,3774,1167,0,0,0,0,5807,12558,62852,656838,0
9788442190487526583,47071,1059,0,0,0,0,0,18918,9810,504232,340510,0
3751558453885238420,7570,5216,2813,0,0,0,0,0,0,424725,481276,0
15892307735527099571,22513,7821,0,0,0,0,0,1281,0,0,889985,0
3091843147866659994,230741,4980,1997,0,0,0,0,0,0,319305,364577,0
14102705198087274744,134064,1344,0,380,0,0,0,7794,563,272114,95107,410234
16123257797605210485,209506,7373,156,0,0,0,0,8655,11781,368788,315341,0
4744919135843382280,120408,2868,0,0,0,0,0,10814,0,126103,661407,0
14796554546190672137,60716,479,132,0,0,0,0,293,257829,506028,96123,0
10907243932155534013,906044,15556,0,0,0,0,0,0,0,0,0,0
926054140729034357,308457,2278,0,0,0,0,0,30423,0,23902,556540,0
15397113629388028798,17544,2116,503,0,0,0,0,3809,0,622661,274967,0
661312878524932508,897023,11527,0,0,0,0,0,13050,0,0,0,0
7223627151277937923,661708,0,0,0,0,0,4137,25232,0,230523,0,0
4979313955966070608,176902,906,1210,4677,0,0,0,6298,3414,397339,330854,0
5565718144312255152,374376,2425,0,0,0,0,0,8119,1337,168465,366878,0
9060386186086836431,117958,21698,0,0,2789,0,0,0,107693,269874,350144,51444
3583815641843563968,188923,0,0,117,146,0,0,928,4494,303103,33548,390341
2719679196594321269,230472,4158,0,0,0,0,0,3367,0,386945,296658,0
15043768931442006468,28767,0,0,7306,0,0,0,1976,99785,723976,59790,0
9722418938962263447,2351,0,0,0,0,0,0,0,0,886302,32947,0
